City_ID,City,Country,Date,Lat,Lng,Max Temp,Humidity,Cloudiness,Wind Speed,Current Description
0,Port Alfred,ZA,2022-04-09 00:46:49,-33.5906,26.891,56.17,95,88,9.71,overcast clouds
1,Klyuchi,RU,2022-04-09 00:46:50,52.2667,79.1667,33.96,70,0,6.62,clear sky
2,Hobart,AU,2022-04-09 00:46:51,-42.8794,147.3294,69.22,61,75,12.66,broken clouds
3,Cherskiy,RU,2022-04-09 00:46:52,68.75,161.3,-6.57,84,32,5.35,scattered clouds
4,Vaini,TO,2022-04-09 00:46:53,-21.2,-175.2,87.96,70,40,4.61,scattered clouds
5,Hithadhoo,MV,2022-04-09 00:46:54,-0.6,73.0833,83.12,68,97,9.35,overcast clouds
6,Cayenne,GF,2022-04-09 00:46:55,4.9333,-52.3333,81.09,1,20,7.0,few clouds
7,Bethel,US,2022-04-09 00:44:39,41.3712,-73.414,53.69,58,40,3.44,scattered clouds
8,Ranong,TH,2022-04-09 00:46:55,9.9658,98.6348,73.33,81,11,2.37,few clouds
9,Zatoka,UA,2022-04-09 00:46:56,46.0725,30.4654,50.0,75,22,9.66,few clouds
10,Punta Arenas,CL,2022-04-09 00:45:39,-53.15,-70.9167,41.11,87,0,8.05,clear sky
11,Puerto Ayora,EC,2022-04-09 00:46:56,-0.7393,-90.3518,77.81,86,41,5.84,scattered clouds
12,Tazovskiy,RU,2022-04-09 00:46:57,67.4667,78.7,-11.02,100,96,7.38,overcast clouds
13,Chokurdakh,RU,2022-04-09 00:46:57,70.6333,147.9167,-11.7,91,12,9.37,few clouds
14,Dingle,PH,2022-04-09 00:46:57,10.9995,122.6711,79.0,80,100,4.09,overcast clouds
15,Albany,US,2022-04-09 00:42:53,42.6001,-73.9662,48.92,75,56,3.27,broken clouds
16,Rawson,AR,2022-04-09 00:46:59,-43.3002,-65.1023,58.37,87,10,18.45,clear sky
17,Avarua,CK,2022-04-09 00:46:59,-21.2078,-159.775,86.05,74,100,11.5,overcast clouds
18,Ribeira Grande,PT,2022-04-09 00:46:59,38.5167,-28.7,58.66,74,14,31.7,few clouds
19,Binga,ZW,2022-04-09 00:47:00,-17.6203,27.3414,70.34,71,47,3.53,scattered clouds
20,Hermanus,ZA,2022-04-09 00:47:00,-34.4187,19.2345,57.79,77,16,22.53,few clouds
21,Monroe,US,2022-04-09 00:45:49,43.1501,-77.6831,45.5,76,75,5.75,broken clouds
22,Syamzha,RU,2022-04-09 00:47:01,60.0158,41.0614,38.7,92,100,12.33,overcast clouds
23,Busselton,AU,2022-04-09 00:47:01,-33.65,115.3333,61.02,59,23,10.47,few clouds
24,Bathsheba,BB,2022-04-09 00:47:01,13.2167,-59.5167,77.61,88,75,16.11,broken clouds
25,Acarau,BR,2022-04-09 00:45:35,-2.8856,-40.12,77.47,88,94,9.04,overcast clouds
26,Muros,ES,2022-04-09 00:47:03,42.7762,-9.0603,49.84,94,100,4.14,overcast clouds
27,Ahipara,NZ,2022-04-09 00:47:04,-35.1667,173.1667,71.44,49,3,5.75,clear sky
28,Khatanga,RU,2022-04-09 00:47:05,71.9667,102.5,4.69,95,77,3.47,broken clouds
29,Bielsk Podlaski,PL,2022-04-09 00:47:06,52.7651,23.1865,39.25,88,100,6.71,overcast clouds
30,Rozsypne,UA,2022-04-09 00:47:07,48.1497,38.5762,49.26,88,38,14.05,scattered clouds
31,Port Elizabeth,ZA,2022-04-09 00:47:07,-33.918,25.5701,59.09,96,75,3.44,broken clouds
32,Narsaq,GL,2022-04-09 00:47:07,60.9167,-46.05,35.82,80,13,1.83,few clouds
33,Butaritari,KI,2022-04-09 00:47:08,3.0707,172.7902,80.22,82,100,13.47,light rain
34,Rocha,UY,2022-04-09 00:47:08,-34.4833,-54.3333,60.37,96,0,4.12,clear sky
35,Buala,SB,2022-04-09 00:47:08,-8.145,159.5921,85.05,70,46,9.89,light rain
36,Huntington,US,2022-04-09 00:42:44,38.4193,-82.4452,41.99,91,100,6.91,overcast clouds
37,Victoria,HK,2022-04-09 00:45:30,22.2855,114.1577,76.96,66,0,15.01,clear sky
38,Rikitea,PF,2022-04-09 00:47:09,-23.1203,-134.9692,79.14,74,11,17.05,light rain
39,Cape Town,ZA,2022-04-09 00:47:10,-33.9258,18.4232,60.12,70,0,13.0,clear sky
40,Hilo,US,2022-04-09 00:47:11,19.7297,-155.09,75.25,83,100,4.61,light rain
41,Arroyo,ES,2022-04-09 00:47:11,41.6096,-4.7969,51.15,88,40,8.05,scattered clouds
42,Luderitz,NA,2022-04-09 00:47:11,-26.6481,15.1594,59.31,79,0,9.13,clear sky
43,Tabou,CI,2022-04-09 00:44:23,4.423,-7.3528,81.0,84,100,7.36,overcast clouds
44,Bluff,NZ,2022-04-09 00:47:12,-46.6,168.3333,57.49,72,87,18.57,overcast clouds
45,Bredasdorp,ZA,2022-04-09 00:47:12,-34.5322,20.0403,58.32,77,23,15.17,few clouds
46,Saldanha,ZA,2022-04-09 00:47:12,-33.0117,17.9442,62.65,63,0,16.69,clear sky
47,Vardo,NO,2022-04-09 00:47:13,70.3705,31.1107,33.67,91,100,31.41,overcast clouds
48,Cidreira,BR,2022-04-09 00:47:13,-30.1811,-50.2056,68.13,83,100,13.0,overcast clouds
49,Castro,BR,2022-04-09 00:47:13,-24.7911,-50.0119,64.22,94,100,2.64,overcast clouds
50,Kangaatsiaq,GL,2022-04-09 00:47:14,68.3065,-53.4641,9.09,95,95,7.11,overcast clouds
51,Harper,LR,2022-04-09 00:47:14,4.375,-7.7169,81.07,82,100,8.05,overcast clouds
52,Sirari,TZ,2022-04-09 00:47:14,-1.2333,34.4333,63.63,69,99,5.97,overcast clouds
53,Hobyo,SO,2022-04-09 00:47:15,5.3505,48.5268,81.55,78,34,9.48,scattered clouds
54,Chuy,UY,2022-04-09 00:47:15,-33.6971,-53.4616,64.44,92,0,5.82,clear sky
55,Port Augusta,AU,2022-04-09 00:47:16,-32.5,137.7667,78.78,35,0,7.4,clear sky
56,Marsh Harbour,BS,2022-04-09 00:47:16,26.5412,-77.0636,72.25,67,87,13.87,overcast clouds
57,Provideniya,RU,2022-04-09 00:47:16,64.3833,-173.3,7.88,85,100,7.76,overcast clouds
58,Ancud,CL,2022-04-09 00:47:16,-41.8697,-73.8203,49.23,78,80,3.74,broken clouds
59,Mataura,NZ,2022-04-09 00:47:17,-46.1927,168.8643,60.26,56,54,6.38,broken clouds
60,Hualmay,PE,2022-04-09 00:47:17,-11.0964,-77.6139,67.77,85,75,5.26,broken clouds
61,Coquimbo,CL,2022-04-09 00:47:18,-29.9533,-71.3436,60.03,87,48,3.6,scattered clouds
62,Ushuaia,AR,2022-04-09 00:42:58,-54.8,-68.3,38.86,81,0,5.75,clear sky
63,Saint George,US,2022-04-09 00:47:19,37.1041,-113.5841,85.24,9,0,0.0,clear sky
64,Paamiut,GL,2022-04-09 00:47:19,61.994,-49.6678,21.88,85,72,13.38,broken clouds
65,Port Lincoln,AU,2022-04-09 00:44:44,-34.7333,135.8667,73.74,49,0,11.41,clear sky
66,Norman Wells,CA,2022-04-09 00:47:20,65.282,-126.8329,41.04,38,75,3.44,broken clouds
67,Shimoda,JP,2022-04-09 00:47:20,34.6667,138.95,66.56,67,0,13.53,clear sky
68,Taltal,CL,2022-04-09 00:47:20,-25.4,-70.4833,65.5,69,2,5.03,clear sky
69,Egvekinot,RU,2022-04-09 00:47:21,66.3167,-179.1667,-5.33,90,100,4.0,overcast clouds
70,Pandan,PH,2022-04-09 00:47:21,14.0453,124.1694,79.92,85,100,10.51,overcast clouds
71,Kapaa,US,2022-04-09 00:47:21,22.0752,-159.319,80.11,75,40,18.41,scattered clouds
72,Olafsvik,IS,2022-04-09 00:47:22,64.8945,-23.7142,33.31,64,100,14.47,overcast clouds
73,Krasnorechenskiy,RU,2022-04-09 00:47:22,44.6265,135.3532,39.18,97,100,2.51,moderate rain
74,Airai,TL,2022-04-09 00:47:22,-8.9266,125.4092,72.28,49,60,2.86,broken clouds
75,Rancho Palos Verdes,US,2022-04-09 00:47:22,33.7445,-118.387,97.72,34,34,5.99,scattered clouds
76,Upernavik,GL,2022-04-09 00:47:23,72.7868,-56.1549,7.75,96,100,4.81,overcast clouds
77,Saint-Philippe,RE,2022-04-09 00:47:23,-21.3585,55.7679,76.59,89,71,10.11,light rain
78,Vanavara,RU,2022-04-09 00:46:49,60.34,102.2797,21.78,87,56,2.73,broken clouds
79,Sur,OM,2022-04-09 00:47:24,22.5667,59.5289,84.85,46,76,3.96,broken clouds
80,Angoche,MZ,2022-04-09 00:47:24,-16.2325,39.9086,75.74,81,36,5.88,scattered clouds
81,Grindavik,IS,2022-04-09 00:45:27,63.8424,-22.4338,30.67,59,0,8.05,clear sky
82,Samarai,PG,2022-04-09 00:47:24,-10.6167,150.6667,82.13,80,100,20.54,overcast clouds
83,Cabo San Lucas,MX,2022-04-09 00:43:42,22.8909,-109.9124,85.3,66,17,9.93,few clouds
84,Victoria Point,AU,2022-04-09 00:47:25,-27.5833,153.3,77.68,92,45,5.01,scattered clouds
85,Tiksi,RU,2022-04-09 00:47:25,71.6872,128.8694,-3.77,100,100,5.03,overcast clouds
86,Anjiang,CN,2022-04-09 00:47:26,27.3194,110.1031,73.2,46,37,2.91,scattered clouds
87,Pimenta Bueno,BR,2022-04-09 00:47:26,-11.6725,-61.1936,74.19,96,91,2.24,overcast clouds
88,Mahebourg,MU,2022-04-09 00:47:26,-20.4081,57.7,76.24,94,75,13.8,broken clouds
89,Souillac,MU,2022-04-09 00:47:27,-20.5167,57.5167,75.58,94,75,13.8,light rain
90,Goure,NE,2022-04-09 00:47:27,13.9835,10.2704,82.26,11,10,6.82,clear sky
91,Arman,RU,2022-04-09 00:47:27,59.7,150.1667,26.02,81,86,3.04,overcast clouds
92,Mangrol,IN,2022-04-09 00:47:28,21.1167,70.1167,80.89,56,0,10.18,clear sky
93,Leningradskiy,RU,2022-04-09 00:47:28,69.3833,178.4167,-4.22,75,97,3.11,overcast clouds
94,Cenotillo,MX,2022-04-09 00:47:28,20.9667,-88.6167,73.26,53,100,10.02,overcast clouds
95,Ambulu,ID,2022-04-09 00:47:28,-8.345,113.6058,79.16,84,30,2.01,scattered clouds
96,Lompoc,US,2022-04-09 00:47:29,34.6391,-120.4579,87.78,67,8,5.01,clear sky
97,Geraldton,AU,2022-04-09 00:47:29,-28.7667,114.6,68.41,73,100,14.97,overcast clouds
98,Mar Del Plata,AR,2022-04-09 00:43:47,-38.0023,-57.5575,65.08,91,0,4.0,clear sky
99,Carnarvon,AU,2022-04-09 00:42:58,-24.8667,113.6333,71.67,73,16,6.91,few clouds
100,Fortuna,US,2022-04-09 00:47:30,40.5982,-124.1573,55.85,66,0,23.02,clear sky
101,Hurricane,US,2022-04-09 00:44:04,37.1753,-113.2899,84.54,12,11,3.11,few clouds
102,Jamestown,US,2022-04-09 00:47:30,42.097,-79.2353,40.59,78,100,3.44,overcast clouds
103,Codrington,AU,2022-04-09 00:47:30,-38.2667,141.9667,69.8,60,97,11.16,overcast clouds
104,Aksarka,RU,2022-04-09 00:47:31,66.5606,67.7975,-7.62,100,100,0.78,overcast clouds
105,Ust-Maya,RU,2022-04-09 00:47:31,60.4167,134.5333,25.61,75,12,4.34,few clouds
106,Deputatskiy,RU,2022-04-09 00:47:32,69.3,139.9,-1.52,94,100,4.99,overcast clouds
107,Marawi,PH,2022-04-09 00:47:33,7.9986,124.2928,69.22,98,100,3.56,overcast clouds
108,Vila Franca Do Campo,PT,2022-04-09 00:47:34,37.7167,-25.4333,63.01,89,84,30.71,broken clouds
109,Chernyshevskiy,RU,2022-04-09 00:47:35,63.0128,112.4714,18.75,95,100,6.91,overcast clouds
110,Saskylakh,RU,2022-04-09 00:47:36,71.9167,114.0833,1.89,100,100,4.5,overcast clouds
111,Bengkulu,ID,2022-04-09 00:47:37,-3.8004,102.2655,77.14,81,73,2.73,broken clouds
112,Iroquois Falls,CA,2022-04-09 00:47:37,48.7669,-80.6831,31.86,95,100,4.36,overcast clouds
113,Nalut,LY,2022-04-09 00:47:38,30.3333,10.85,64.78,27,18,14.38,few clouds
114,Lebu,CL,2022-04-09 00:47:39,-37.6167,-73.65,52.9,90,2,6.06,clear sky
115,Totton,GB,2022-04-09 00:47:40,50.9188,-1.4904,40.51,86,99,5.82,overcast clouds
116,El Alto,PE,2022-04-09 00:47:41,-4.2714,-81.2147,70.48,77,99,10.76,overcast clouds
117,Qaanaaq,GL,2022-04-09 00:47:42,77.484,-69.3632,-5.28,65,0,7.0,clear sky
118,Barrow,US,2022-04-09 00:47:43,71.2906,-156.7887,5.02,72,100,16.11,light snow
119,Vernon,CA,2022-04-09 00:47:43,50.2581,-119.2691,57.56,29,9,11.5,clear sky
120,Isangel,VU,2022-04-09 00:47:44,-19.55,169.2667,85.06,72,99,12.12,overcast clouds
121,Carutapera,BR,2022-04-09 00:47:45,-1.195,-46.02,75.34,95,100,1.95,light rain
122,Batsfjord,NO,2022-04-09 00:47:47,70.6345,29.7185,33.58,86,100,29.93,overcast clouds
123,Tokur,RU,2022-04-09 00:47:48,53.1333,132.9,24.66,85,100,1.63,overcast clouds
124,Baykit,RU,2022-04-09 00:47:48,61.67,96.37,20.62,89,92,1.28,overcast clouds
125,Pudozh,RU,2022-04-09 00:47:49,61.8099,36.5345,39.85,98,100,11.59,overcast clouds
126,New Norfolk,AU,2022-04-09 00:47:51,-42.7826,147.0587,68.88,52,7,1.01,clear sky
127,Tarakan,ID,2022-04-09 00:47:52,3.3,117.6333,81.9,83,75,5.75,light rain
128,Hamilton,US,2022-04-09 00:47:53,39.1834,-84.5333,43.65,76,100,11.5,overcast clouds
129,Husavik,IS,2022-04-09 00:47:56,66.0449,-17.3389,20.64,84,37,5.26,scattered clouds
130,San Cristobal,VE,2022-04-09 00:47:56,7.7669,-72.225,73.58,90,97,1.63,overcast clouds
131,Maldonado,UY,2022-04-09 00:47:56,-34.6667,-54.9167,65.59,95,0,5.44,clear sky
132,Fenelon Falls,CA,2022-04-09 00:47:57,44.5334,-78.7496,42.03,93,100,4.5,overcast clouds
133,Chinhoyi,ZW,2022-04-09 00:47:58,-17.3667,30.2,63.48,78,99,6.29,overcast clouds
134,Fukue,JP,2022-04-09 00:47:59,32.6881,128.8419,64.76,72,0,8.05,clear sky
135,Nanortalik,GL,2022-04-09 00:47:59,60.1432,-45.2371,27.32,88,39,8.43,scattered clouds
136,Talnakh,RU,2022-04-09 00:48:00,69.4865,88.3972,-0.8,96,97,3.58,overcast clouds
137,Colares,PT,2022-04-09 00:48:00,38.7992,-9.4469,61.32,78,95,15.99,overcast clouds
138,Nikolskoye,RU,2022-04-09 00:48:00,59.7035,30.7861,35.8,94,66,6.53,broken clouds
139,The Valley,AI,2022-04-09 00:48:01,18.217,-63.0578,78.82,78,20,12.66,few clouds
140,Springdale,US,2022-04-09 00:47:17,36.1867,-94.1288,51.53,42,75,14.97,broken clouds
141,Constitucion,CL,2022-04-09 00:44:16,-35.3333,-72.4167,53.44,94,28,9.57,scattered clouds
142,Khani,GE,2022-04-09 00:48:01,41.9563,42.9566,42.37,100,100,1.95,overcast clouds
143,Astara,AZ,2022-04-09 00:48:02,38.5,48.6667,60.78,58,100,11.68,overcast clouds
144,Carlyle,US,2022-04-09 00:48:02,38.6103,-89.3726,41.4,73,100,5.01,overcast clouds
145,Sao Filipe,CV,2022-04-09 00:48:02,14.8961,-24.4956,76.19,64,40,9.86,scattered clouds
146,Pontiac,US,2022-04-09 00:43:09,42.6389,-83.2911,43.77,84,75,13.8,broken clouds
147,Thunder Bay,CA,2022-04-09 00:48:03,48.4001,-89.3168,39.18,56,75,17.27,broken clouds
148,Esperance,AU,2022-04-09 00:48:03,-33.8667,121.9,60.64,61,100,18.54,overcast clouds
149,Amapa,BR,2022-04-09 00:48:04,1.0,-52.0,71.89,99,100,3.09,overcast clouds
150,Atuona,PF,2022-04-09 00:48:05,-9.8,-139.0333,79.74,77,99,17.43,overcast clouds
151,Pafos,CY,2022-04-09 00:48:06,34.7667,32.4167,55.18,88,0,5.75,clear sky
152,Irbeyskoye,RU,2022-04-09 00:48:06,55.6428,95.4522,37.22,82,100,6.93,overcast clouds
153,Redwater,US,2022-04-09 00:48:07,33.3582,-94.2544,62.89,56,0,6.33,clear sky
154,Caucaia,BR,2022-04-09 00:48:07,-3.7361,-38.6531,77.04,85,0,5.75,clear sky
155,Boa Vista,BR,2022-04-09 00:48:07,2.8197,-60.6733,85.98,58,20,12.66,few clouds
156,Korla,CN,2022-04-09 00:48:08,41.7597,86.1469,67.71,21,99,12.03,overcast clouds
157,Bossangoa,CF,2022-04-09 00:48:08,6.4926,17.4552,72.91,85,20,5.57,few clouds
158,Hurghada,EG,2022-04-09 00:48:09,27.2574,33.8129,77.04,31,0,18.41,clear sky
159,Canals,ES,2022-04-09 00:48:09,38.9625,-0.5844,64.02,53,100,7.0,overcast clouds
160,Tagab,AF,2022-04-09 00:48:09,34.855,69.6492,62.53,43,0,4.76,clear sky
161,Nouadhibou,MR,2022-04-09 00:48:10,20.931,-17.0347,64.38,77,0,20.71,clear sky
162,Clyde River,CA,2022-04-09 00:48:10,70.4692,-68.5914,-3.77,84,0,6.91,clear sky
163,Ostrovnoy,RU,2022-04-09 00:48:10,68.0531,39.5131,32.05,97,100,21.85,light snow
164,San Quintin,MX,2022-04-09 00:46:11,30.4833,-115.95,74.8,42,100,6.24,overcast clouds
165,Bud,US,2022-04-09 00:48:11,39.447,-86.1758,41.02,86,84,11.63,light rain
166,Karia,NG,2022-04-09 00:48:11,11.7306,11.1629,82.11,42,100,10.16,overcast clouds
167,Tuatapere,NZ,2022-04-09 00:48:12,-46.1333,167.6833,59.83,56,22,4.68,few clouds
168,Asmar,AF,2022-04-09 00:48:12,35.0333,71.3581,66.49,48,38,10.85,scattered clouds
169,Sinazongwe,ZM,2022-04-09 00:48:12,-17.2614,27.4618,72.46,74,75,7.27,broken clouds
170,Mount Gambier,AU,2022-04-09 00:48:13,-37.8333,140.7667,67.91,68,40,14.97,scattered clouds
171,Tasiilaq,GL,2022-04-09 00:48:13,65.6145,-37.6368,19.56,95,100,3.94,light snow
172,Tigil,RU,2022-04-09 00:48:13,57.8,158.6667,27.61,95,100,12.62,snow
173,Margate,GB,2022-04-09 00:48:14,51.3813,1.3862,41.7,76,100,4.0,overcast clouds
174,Astaneh-Ye Ashrafiyeh,IR,2022-04-09 00:44:53,37.2596,49.9444,55.33,70,100,3.29,overcast clouds
175,Yanaul,RU,2022-04-09 00:48:14,56.2719,54.9309,34.54,100,100,4.32,overcast clouds
176,Sao Joao Da Barra,BR,2022-04-09 00:48:14,-21.6403,-41.0511,76.3,82,8,9.51,clear sky
177,Kudahuvadhoo,MV,2022-04-09 00:48:15,2.6708,72.8944,84.24,65,96,10.42,overcast clouds
178,Normandin,CA,2022-04-09 00:48:15,48.8333,-72.5321,34.11,93,100,9.22,overcast clouds
179,Bakel,SN,2022-04-09 00:48:15,14.905,-12.4568,90.68,15,11,12.55,few clouds
180,Khasan,RU,2022-04-09 00:48:16,42.4308,130.6434,51.15,67,96,2.35,overcast clouds
181,Vestmannaeyjar,IS,2022-04-09 00:48:17,63.4427,-20.2734,36.36,63,100,8.5,overcast clouds
182,Palmer,US,2022-04-09 00:46:14,42.1584,-72.3287,53.15,76,20,0.0,few clouds
183,Hasaki,JP,2022-04-09 00:45:34,35.7333,140.8333,68.4,63,0,19.51,clear sky
184,Deniliquin,AU,2022-04-09 00:48:19,-35.5333,144.9667,68.58,68,94,14.32,overcast clouds
185,Mount Isa,AU,2022-04-09 00:48:20,-20.7333,139.5,91.17,24,10,5.75,clear sky
186,Yaan,NG,2022-04-09 00:48:20,7.3833,8.5667,82.69,68,100,11.59,overcast clouds
187,Turukhansk,RU,2022-04-09 00:48:21,65.8167,87.9833,11.14,94,97,6.02,overcast clouds
188,Longyearbyen,SJ,2022-04-09 00:48:22,78.2186,15.6401,12.04,73,40,13.8,scattered clouds
189,Ushirombo,TZ,2022-04-09 00:48:22,-3.4919,31.9639,63.16,93,18,2.95,few clouds
190,Kamaishi,JP,2022-04-09 00:48:22,39.2667,141.8833,54.63,51,0,12.62,clear sky
191,Vostok,RU,2022-04-09 00:48:22,46.4856,135.8833,40.57,83,50,3.27,scattered clouds
192,Severo-Kurilsk,RU,2022-04-09 00:48:23,50.6789,156.125,32.92,75,80,13.04,broken clouds
193,Acapulco,MX,2022-04-09 00:44:42,16.8634,-99.8901,80.42,74,75,10.36,broken clouds
194,Huty,UA,2022-04-09 00:48:23,50.1332,35.3439,42.01,91,79,6.26,broken clouds
195,Zaplavnoye,RU,2022-04-09 00:48:24,48.7048,45.0229,51.19,87,100,7.4,overcast clouds
196,Belaya Glina,RU,2022-04-09 00:48:25,46.07,40.86,49.14,89,100,24.63,overcast clouds
197,Kachiry,KZ,2022-04-09 00:48:26,53.0675,76.1036,32.41,73,0,7.61,clear sky
198,Dwarka,IN,2022-04-09 00:48:27,22.2394,68.9678,79.72,73,0,9.01,clear sky
199,Kelvington,CA,2022-04-09 00:48:28,52.1667,-103.5343,36.1,74,36,19.04,scattered clouds
200,Kavieng,PG,2022-04-09 00:48:28,-2.5744,150.7967,80.4,83,100,11.25,moderate rain
201,Nabire,ID,2022-04-09 00:45:30,-3.3667,135.4833,77.04,92,99,2.53,overcast clouds
202,Zemio,CF,2022-04-09 00:48:29,5.0314,25.1361,70.72,85,60,1.9,broken clouds
203,Ouadda,CF,2022-04-09 00:48:30,8.0777,22.4007,73.29,51,97,4.23,overcast clouds
204,Limbang,MY,2022-04-09 00:48:31,4.75,115.0,77.11,95,100,6.8,overcast clouds
205,Wageningen,NL,2022-04-09 00:48:31,51.9667,5.6667,41.05,88,7,10.0,clear sky
206,Muzhi,RU,2022-04-09 00:48:31,65.3667,64.6667,-4.36,100,100,3.83,overcast clouds
207,Vadso,NO,2022-04-09 00:48:32,70.0744,29.7487,33.96,86,75,29.93,broken clouds
208,Avera,US,2022-04-09 00:48:32,33.194,-82.5271,56.71,54,74,12.75,broken clouds
209,Bambous Virieux,MU,2022-04-09 00:48:32,-20.3428,57.7575,76.21,94,75,13.8,broken clouds
210,Zhangjiakou,CN,2022-04-09 00:48:33,40.81,114.8794,63.05,20,55,1.97,broken clouds
211,Mbanza-Ngungu,CD,2022-04-09 00:48:33,-5.25,14.8667,68.23,98,54,2.95,light rain
212,Alta Floresta,BR,2022-04-09 00:48:33,-9.8756,-56.0861,74.08,91,75,2.53,broken clouds
213,Marevo,RU,2022-04-09 00:48:34,57.3146,32.0804,32.79,90,89,7.58,overcast clouds
214,Yatou,CN,2022-04-09 00:48:34,37.15,122.3833,60.4,64,20,15.9,few clouds
215,Gunjur,GM,2022-04-09 00:48:34,13.2019,-16.7339,73.47,73,5,5.75,haze
216,Vao,NC,2022-04-09 00:48:35,-22.6667,167.4833,77.43,87,24,23.06,few clouds
217,Hervey Bay,AU,2022-04-09 00:48:35,-25.2986,152.8535,77.02,84,97,5.99,overcast clouds
218,Vilhena,BR,2022-04-09 00:48:36,-12.7406,-60.1458,70.05,95,47,0.25,scattered clouds
219,Kalach-Na-Donu,RU,2022-04-09 00:48:37,48.691,43.5264,51.15,89,100,7.96,overcast clouds
220,Sambava,MG,2022-04-09 00:48:37,-14.2667,50.1667,75.42,90,100,8.66,overcast clouds
221,Nykoping,SE,2022-04-09 00:48:37,58.753,17.0079,30.06,74,0,8.05,clear sky
222,Amot,NO,2022-04-09 00:48:38,59.5714,7.9877,17.76,87,31,7.05,scattered clouds
223,East London,ZA,2022-04-09 00:48:38,-33.0153,27.9116,62.13,80,97,9.78,light rain
224,Orshanka,RU,2022-04-09 00:48:38,56.9161,47.8933,36.16,91,39,8.79,scattered clouds
225,Xining,CN,2022-04-09 00:48:38,36.6167,101.7667,50.61,21,0,1.3,clear sky
226,Faanui,PF,2022-04-09 00:48:39,-16.4833,-151.75,82.67,72,100,16.91,overcast clouds
227,Meulaboh,ID,2022-04-09 00:48:39,4.1363,96.1285,78.03,83,33,3.38,scattered clouds
228,San Policarpo,PH,2022-04-09 00:48:39,12.1791,125.5072,76.33,89,100,10.65,overcast clouds
229,Kedrovyy,RU,2022-04-09 00:48:40,56.1667,91.8167,32.41,91,100,13.58,snow
230,Venado Tuerto,AR,2022-04-09 00:48:40,-33.7456,-61.9688,68.77,61,61,7.56,broken clouds
231,Portland,US,2022-04-09 00:45:23,45.5234,-122.6762,55.62,60,75,19.57,broken clouds
232,Batabano,CU,2022-04-09 00:48:40,22.7164,-82.2881,74.01,66,93,16.04,overcast clouds
233,Hami,CN,2022-04-09 00:48:41,42.8,93.45,64.0,29,100,16.84,overcast clouds
234,Chimoio,MZ,2022-04-09 00:48:41,-19.1164,33.4833,64.26,100,75,9.57,broken clouds
235,Faya,SA,2022-04-09 00:48:41,18.3851,42.4509,57.72,39,0,1.16,clear sky
236,Rosetown,CA,2022-04-09 00:48:42,51.5501,-108.0014,67.98,19,100,20.71,overcast clouds
237,High Level,CA,2022-04-09 00:48:42,58.5169,-117.136,37.51,93,100,11.5,moderate rain
238,Kloulklubed,PW,2022-04-09 00:48:42,7.0419,134.2556,81.1,80,100,19.91,overcast clouds
239,Comodoro Rivadavia,AR,2022-04-09 00:48:43,-45.8667,-67.5,49.86,93,0,5.75,clear sky
240,Camopi,GF,2022-04-09 00:48:43,3.1655,-52.3158,71.73,99,99,1.36,overcast clouds
241,Inzhavino,RU,2022-04-09 00:48:43,52.3185,42.4937,48.97,85,100,10.02,overcast clouds
242,Seoul,KR,2022-04-09 00:48:44,37.5683,126.9778,60.37,59,75,4.61,broken clouds
243,Aswan,EG,2022-04-09 00:48:44,24.0934,32.907,87.1,12,0,10.36,clear sky
244,Denizli,TR,2022-04-09 00:48:44,37.8402,29.0698,55.06,61,0,3.71,clear sky
245,Yellowknife,CA,2022-04-09 00:44:45,62.456,-114.3525,38.41,90,75,12.66,broken clouds
246,Seymchan,RU,2022-04-09 00:48:45,62.8833,152.4333,16.66,80,100,14.03,overcast clouds
247,Skibbereen,IE,2022-04-09 00:48:45,51.55,-9.2667,36.1,77,0,4.18,clear sky
248,Hamada,JP,2022-04-09 00:48:45,34.8833,132.0833,65.12,43,0,9.22,clear sky
249,Bardiyah,LY,2022-04-09 00:48:46,31.7561,25.0865,57.67,79,0,6.67,clear sky
250,Shamary,RU,2022-04-09 00:48:46,57.3434,58.2199,34.54,99,100,3.6,overcast clouds
251,General Cepeda,MX,2022-04-09 00:48:46,25.3833,-101.45,67.06,29,99,9.46,overcast clouds
252,Zhicheng,CN,2022-04-09 00:48:47,30.2956,111.5047,74.46,44,97,1.48,overcast clouds
253,Cassilandia,BR,2022-04-09 00:48:47,-19.1133,-51.7342,74.37,85,82,1.48,broken clouds
254,Madimba,TZ,2022-04-09 00:48:47,-10.4,40.3333,75.67,91,26,5.82,scattered clouds
255,Rio Grande,BR,2022-04-09 00:48:48,-32.035,-52.0986,64.51,87,0,9.86,clear sky
256,Caravelas,BR,2022-04-09 00:48:49,-17.7125,-39.2481,76.46,83,5,4.72,clear sky
257,Tuktoyaktuk,CA,2022-04-09 00:48:51,69.4541,-133.0374,14.0,79,40,8.05,scattered clouds
258,Soyo,AO,2022-04-09 00:48:52,-6.1349,12.3689,77.83,92,69,6.35,broken clouds
259,Jablah,SY,2022-04-09 00:48:52,35.3614,35.9256,62.89,82,75,11.5,broken clouds
260,Jalu,LY,2022-04-09 00:48:53,29.0331,21.5482,63.41,50,59,8.14,broken clouds
261,Sinnamary,GF,2022-04-09 00:48:54,5.3833,-52.95,77.09,89,100,9.8,overcast clouds
262,Nerchinskiy Zavod,RU,2022-04-09 00:48:54,51.3088,119.61,38.19,38,99,6.31,overcast clouds
263,Plettenberg Bay,ZA,2022-04-09 00:48:55,-34.0527,23.3716,56.62,82,8,9.01,clear sky
264,Mporokoso,ZM,2022-04-09 00:48:56,-9.3727,30.125,60.53,94,99,5.26,overcast clouds
265,Lekoni,GA,2022-04-09 00:48:56,-1.5843,14.2591,72.66,83,100,2.64,overcast clouds
266,Tezu,IN,2022-04-09 00:48:57,27.9167,96.1667,67.48,84,100,2.66,overcast clouds
267,Villarrica,PY,2022-04-09 00:48:57,-25.75,-56.4333,68.65,94,4,3.67,clear sky
268,Nome,US,2022-04-09 00:48:58,64.5011,-165.4064,16.16,79,100,11.5,light snow
269,Kirkuk,IQ,2022-04-09 00:48:58,35.4681,44.3922,67.86,33,100,4.9,overcast clouds
270,Ilulissat,GL,2022-04-09 00:48:58,69.2167,-51.1,14.02,79,75,5.75,light shower snow
271,Abha,SA,2022-04-09 00:48:59,18.2164,42.5053,57.45,36,0,0.0,clear sky
272,Sirjan,IR,2022-04-09 00:48:59,29.452,55.6814,62.22,15,100,4.88,overcast clouds
273,Kahului,US,2022-04-09 00:48:59,20.8947,-156.47,84.22,64,75,24.16,broken clouds
274,Bandarbeyla,SO,2022-04-09 00:49:00,9.4942,50.8122,79.12,83,99,4.76,overcast clouds
275,Viedma,AR,2022-04-09 00:49:00,-40.8135,-62.9967,58.21,93,7,7.18,clear sky
276,Pivijay,CO,2022-04-09 00:49:00,10.4617,-74.6162,79.09,86,100,5.08,overcast clouds
277,Haines Junction,CA,2022-04-09 00:49:01,60.7522,-137.5108,35.55,64,100,12.66,overcast clouds
278,Tyler,US,2022-04-09 00:44:33,32.3513,-95.3011,64.45,24,0,13.8,clear sky
279,Balkhash,KZ,2022-04-09 00:49:01,46.844,74.9804,42.84,70,100,13.67,overcast clouds
280,Ghanzi,BW,2022-04-09 00:49:02,-21.5667,21.7833,66.06,78,17,11.43,moderate rain
281,Saint-Joseph,RE,2022-04-09 00:49:02,-21.3667,55.6167,75.58,87,39,11.14,light rain
282,Burnie,AU,2022-04-09 00:48:01,-41.0667,145.9167,66.92,89,100,12.26,overcast clouds
283,Axim,GH,2022-04-09 00:49:02,4.8699,-2.2405,81.1,85,100,9.06,overcast clouds
284,Kawalu,ID,2022-04-09 00:49:03,-7.3817,108.2082,76.55,78,100,1.48,overcast clouds
285,Jose Bonifacio,BR,2022-04-09 00:49:03,-21.0528,-49.6883,79.86,93,100,5.86,overcast clouds
286,Dikson,RU,2022-04-09 00:49:03,73.5069,80.5464,6.01,95,98,8.7,overcast clouds
287,Guilin,CN,2022-04-09 00:49:05,25.2819,110.2864,59.11,51,3,2.3,clear sky
288,Beringovskiy,RU,2022-04-09 00:49:06,63.05,179.3167,9.46,82,100,3.24,overcast clouds
289,Lavrentiya,RU,2022-04-09 00:49:08,65.5833,-171.0,2.61,83,100,2.8,overcast clouds
290,Kruisfontein,ZA,2022-04-09 00:49:08,-34.0033,24.7314,56.88,84,100,6.76,overcast clouds
291,Georgetown,MY,2022-04-09 00:48:47,5.4112,100.3354,80.53,93,20,3.44,few clouds
292,Santa Isabel,BR,2022-04-09 00:49:10,-23.3156,-46.2214,69.1,98,100,2.04,light rain
293,Te Anau,NZ,2022-04-09 00:49:12,-45.4167,167.7167,59.22,51,11,0.87,few clouds
294,Torbay,CA,2022-04-09 00:49:13,47.6666,-52.7314,31.57,88,100,8.99,overcast clouds
295,Campos Altos,BR,2022-04-09 00:49:13,-19.6961,-46.1714,65.66,88,72,2.8,broken clouds
296,Hit,IQ,2022-04-09 00:49:14,33.6416,42.8251,70.56,30,100,18.5,overcast clouds
297,Jumla,NP,2022-04-09 00:49:15,29.2747,82.1838,50.58,53,0,3.74,clear sky
298,San Vicente,AR,2022-04-09 00:49:15,-26.6167,-54.1333,62.44,99,18,2.89,few clouds
299,Manpur,IN,2022-04-09 00:49:16,22.4333,75.6167,76.89,25,0,8.08,clear sky
300,Arraial Do Cabo,BR,2022-04-09 00:49:17,-22.9661,-42.0278,76.48,83,100,17.11,overcast clouds
301,Ambunti,PG,2022-04-09 00:49:18,-4.2365,142.8448,83.89,73,100,1.57,overcast clouds
302,Havoysund,NO,2022-04-09 00:49:19,70.9963,24.6622,35.83,84,100,34.49,overcast clouds
303,Tukrah,LY,2022-04-09 00:49:20,32.5341,20.5791,56.05,77,6,2.17,clear sky
304,Tomatlan,MX,2022-04-09 00:49:20,19.9333,-105.25,73.53,75,100,3.98,overcast clouds
305,Kashi,CN,2022-04-09 00:49:21,39.4547,75.9797,65.41,17,20,6.71,few clouds
306,Hovd,MN,2022-04-09 00:49:22,48.0056,91.6419,41.41,44,0,2.68,clear sky
307,Kambove,CD,2022-04-09 00:49:22,-10.8764,26.5969,59.47,98,68,3.69,broken clouds
308,Santa Rosa,PH,2022-04-09 00:49:22,14.3122,121.1114,85.01,66,76,9.57,broken clouds
309,Verkhnevilyuysk,RU,2022-04-09 00:49:23,63.4453,120.3167,23.14,90,97,5.44,overcast clouds
310,Pangnirtung,CA,2022-04-09 00:49:23,66.1451,-65.7125,4.01,98,100,5.3,overcast clouds
311,Thompson,CA,2022-04-09 00:47:11,55.7435,-97.8558,42.96,31,20,5.75,few clouds
312,Lucapa,AO,2022-04-09 00:49:23,-8.4192,20.7447,64.85,95,17,2.24,few clouds
313,Erenhot,CN,2022-04-09 00:49:24,43.6475,111.9767,55.17,32,100,15.43,overcast clouds
314,Camocim,BR,2022-04-09 00:49:24,-2.9022,-40.8411,76.73,91,85,9.73,overcast clouds
315,Mehamn,NO,2022-04-09 00:49:27,71.0357,27.8492,32.49,87,100,33.87,overcast clouds
316,Namibe,AO,2022-04-09 00:49:28,-15.1961,12.1522,70.05,79,3,6.78,clear sky
317,Arona,ES,2022-04-09 00:49:28,28.0996,-16.681,56.12,70,0,11.5,clear sky
318,Kaitangata,NZ,2022-04-09 00:49:29,-46.2817,169.8464,61.47,55,22,10.22,few clouds
319,San Patricio,US,2022-04-09 00:49:30,28.017,-97.5169,77.09,36,0,10.33,clear sky
320,Maceio,BR,2022-04-09 00:46:53,-9.6658,-35.7353,74.64,94,40,4.61,scattered clouds
321,Gweta,BW,2022-04-09 00:49:32,-20.1833,25.2333,66.49,81,76,15.43,light rain
322,Pevek,RU,2022-04-09 00:49:33,69.7008,170.3133,-6.86,83,100,5.53,overcast clouds
323,Malanje,AO,2022-04-09 00:49:34,-9.5402,16.341,63.79,99,90,1.95,light rain
324,Mogadishu,SO,2022-04-09 00:49:34,2.0371,45.3438,81.5,78,82,11.5,broken clouds
325,Mayo,US,2022-04-09 00:49:35,38.8876,-76.5119,55.81,80,0,11.5,clear sky
326,Linguere,SN,2022-04-09 00:49:36,15.3953,-15.1193,93.42,26,0,6.91,clear sky
327,Lagoa,PT,2022-04-09 00:49:36,39.05,-27.9833,58.15,77,100,31.36,overcast clouds
328,Luwuk,ID,2022-04-09 00:49:38,-0.9516,122.7875,84.54,67,100,2.86,overcast clouds
329,Pisco,PE,2022-04-09 00:48:21,-13.7,-76.2167,68.05,83,0,14.97,clear sky
330,Nouakchott,MR,2022-04-09 00:49:40,18.0858,-15.9785,73.33,60,0,15.95,clear sky
331,Lima,PE,2022-04-09 00:45:55,-12.0432,-77.0282,64.65,23,100,6.91,overcast clouds
332,Lleida,ES,2022-04-09 00:49:42,41.6167,0.6167,56.89,68,0,13.8,clear sky
333,Berdigestyakh,RU,2022-04-09 00:49:43,62.0989,126.6992,25.99,84,12,4.81,few clouds
334,Condado,CU,2022-04-09 00:49:45,21.8767,-79.8403,74.71,86,99,10.96,overcast clouds
335,Conceicao Da Barra,BR,2022-04-09 00:49:46,-18.5933,-39.7322,74.71,79,30,3.71,scattered clouds
336,Cienfuegos,CU,2022-04-09 00:49:47,22.1461,-80.4356,78.94,69,100,13.8,overcast clouds
337,Cozumel,MX,2022-04-09 00:49:48,20.5083,-86.9458,75.94,75,86,8.99,overcast clouds
338,Puerto Narino,CO,2022-04-09 00:49:48,-3.7703,-70.3831,74.97,96,91,1.66,overcast clouds
339,Gladstone,AU,2022-04-09 00:49:49,-23.85,151.25,75.13,83,40,8.05,scattered clouds
340,Fairbanks,US,2022-04-09 00:47:47,64.8378,-147.7164,15.76,45,100,14.97,overcast clouds
341,Atasu,KZ,2022-04-09 00:49:51,48.6814,71.6433,37.99,81,83,7.96,broken clouds
342,Alofi,NU,2022-04-09 00:49:52,-19.0595,-169.9187,85.89,74,18,9.22,few clouds
343,Luba,GQ,2022-04-09 00:49:53,3.4568,8.5547,82.29,81,100,6.38,overcast clouds
344,Asau,RO,2022-04-09 00:49:54,46.4333,26.4,52.95,71,100,4.99,overcast clouds
345,Cap-Aux-Meules,CA,2022-04-09 00:49:55,47.3821,-61.8597,33.85,80,100,23.02,overcast clouds
346,Arlington,US,2022-04-09 00:47:21,32.7357,-97.1081,66.7,21,0,17.27,clear sky
347,Canoinhas,BR,2022-04-09 00:49:56,-26.1772,-50.39,61.9,100,90,1.16,overcast clouds
348,Mantua,IT,2022-04-09 00:49:58,45.1667,10.7833,54.64,81,54,1.99,broken clouds
349,Thinadhoo,MV,2022-04-09 00:49:58,0.5333,72.9333,83.43,64,40,9.22,scattered clouds
350,Liberal,US,2022-04-09 00:50:00,37.0431,-100.921,62.74,13,0,12.66,clear sky
351,Leshukonskoye,RU,2022-04-09 00:50:00,64.8989,45.7622,34.7,92,100,11.43,overcast clouds
352,Lisakovsk,KZ,2022-04-09 00:50:00,52.5369,62.4936,39.83,69,100,6.31,overcast clouds
353,Tilichiki,RU,2022-04-09 00:50:01,60.4667,166.1,24.89,95,100,7.83,light snow
354,Dakar,SN,2022-04-09 00:47:33,14.6937,-17.4441,77.88,73,0,11.5,clear sky
355,Flinders,AU,2022-04-09 00:50:01,-34.5833,150.8552,69.19,89,64,4.0,broken clouds
356,Salalah,OM,2022-04-09 00:50:01,17.0151,54.0924,78.87,60,100,0.47,overcast clouds
357,Vemalwada,IN,2022-04-09 00:50:02,18.4667,78.8833,79.07,59,83,7.63,broken clouds
358,Otukpo,NG,2022-04-09 00:50:03,7.1913,8.1329,80.71,74,100,9.53,overcast clouds
359,Saint-Pierre,RE,2022-04-09 00:50:03,-21.3393,55.4781,76.68,80,100,13.8,overcast clouds
360,Kavaratti,IN,2022-04-09 00:50:04,10.5669,72.642,83.3,70,100,5.37,overcast clouds
361,Lufilufi,WS,2022-04-09 00:50:04,-13.8745,-171.5986,89.38,74,2,11.97,clear sky
362,Hambantota,LK,2022-04-09 00:50:05,6.1241,81.1185,78.13,79,54,6.58,broken clouds
363,Saint-Leu,RE,2022-04-09 00:50:05,-21.15,55.2833,76.06,81,8,11.39,clear sky
364,Karasjok,NO,2022-04-09 00:50:05,69.4719,25.5112,26.44,95,100,24.27,snow
365,Okhotsk,RU,2022-04-09 00:50:06,59.3833,143.3,24.19,85,89,6.71,overcast clouds
366,Ambon,ID,2022-04-09 00:50:04,-3.6954,128.1814,87.94,74,40,2.3,scattered clouds
367,Golyshmanovo,RU,2022-04-09 00:50:07,56.3979,68.3728,29.68,93,100,2.86,overcast clouds
368,Cutro,IT,2022-04-09 00:50:08,39.0353,16.9819,52.2,53,0,5.66,clear sky
369,Itarema,BR,2022-04-09 00:50:08,-2.9248,-39.9167,76.78,90,89,8.08,overcast clouds
370,Santa Lucia,ES,2022-04-09 00:50:10,27.9117,-15.5407,56.52,63,75,17.27,broken clouds
371,Lithgow,AU,2022-04-09 00:50:10,-33.4833,150.15,57.47,75,85,8.55,overcast clouds
372,Tucuman,AR,2022-04-09 00:50:11,-26.8241,-65.2226,69.8,88,0,2.3,clear sky
373,Monkey Bay,MW,2022-04-09 00:50:12,-14.0728,34.9201,73.06,86,100,16.11,light rain
374,Clearwater,US,2022-04-09 00:47:55,27.9659,-82.8001,68.92,58,40,17.0,scattered clouds
375,Gisborne,NZ,2022-04-09 00:47:37,-38.6533,178.0042,61.63,69,72,11.41,broken clouds
376,Saint Anthony,US,2022-04-09 00:45:44,45.0205,-93.218,43.75,34,0,18.41,clear sky
377,Usevya,TZ,2022-04-09 00:50:17,-7.1,31.2333,63.48,96,48,2.62,scattered clouds
378,Iberia,US,2022-04-09 00:50:18,29.9502,-91.7507,68.0,21,0,17.27,clear sky
379,Palana,RU,2022-04-09 00:50:19,59.1167,159.9667,25.18,90,100,12.8,overcast clouds
380,Ongandjera,NA,2022-04-09 00:50:20,-17.8833,15.0667,73.56,45,0,3.18,clear sky
381,Westport,US,2022-04-09 00:48:33,41.1415,-73.3579,54.95,68,0,14.97,clear sky
382,Humaita,BR,2022-04-09 00:50:23,-7.5061,-63.0208,75.38,96,100,1.99,light rain
383,Virginia Beach,US,2022-04-09 00:48:28,36.8529,-75.978,55.02,87,35,6.33,scattered clouds
384,Padang,ID,2022-04-09 00:50:28,-0.9492,100.3543,75.25,71,100,1.68,moderate rain
385,Adrar,MR,2022-04-09 00:50:28,20.5022,-10.0711,72.5,13,0,10.07,clear sky
386,Klaksvik,FO,2022-04-09 00:50:30,62.2266,-6.589,32.92,63,100,21.92,overcast clouds
387,Belmonte,BR,2022-04-09 00:50:32,-15.8631,-38.8828,77.38,78,4,2.82,clear sky
388,Nelson Bay,AU,2022-04-09 00:45:49,-32.7167,152.15,68.09,92,52,15.26,broken clouds
389,Progreso,MX,2022-04-09 00:45:52,21.2833,-89.6667,77.11,51,17,18.12,few clouds
390,Tinskoy,RU,2022-04-09 00:50:34,56.1525,96.9161,36.5,81,99,6.31,overcast clouds
391,Tahoua,NE,2022-04-09 00:50:35,14.8888,5.2692,82.53,9,26,2.64,scattered clouds
392,Nkhotakota,MW,2022-04-09 00:50:36,-12.9274,34.2961,71.55,91,95,10.33,moderate rain
393,Beaver Dam,US,2022-04-09 00:50:38,43.4578,-88.8373,34.72,85,100,11.5,overcast clouds
394,Siniscola,IT,2022-04-09 00:50:40,40.5719,9.6922,56.75,82,100,8.28,overcast clouds
395,Lorengau,PG,2022-04-09 00:50:41,-2.0226,147.2712,79.36,83,100,4.88,overcast clouds
396,Phonhong,LA,2022-04-09 00:50:43,18.5007,102.4166,77.94,53,19,1.1,few clouds
397,Takoradi,GH,2022-04-09 00:47:40,4.8845,-1.7554,80.87,85,100,8.25,overcast clouds
398,Wahiawa,US,2022-04-09 00:50:44,21.5028,-158.0236,77.32,67,100,10.36,overcast clouds
399,Sitangkai,PH,2022-04-09 00:50:45,4.6628,119.3928,82.8,74,99,5.12,heavy intensity rain
400,Elko,US,2022-04-09 00:45:46,41.0002,-115.5012,71.62,11,100,21.0,overcast clouds
401,Cantagallo,CO,2022-04-09 00:50:46,7.376,-73.9196,76.37,95,100,2.08,overcast clouds
402,Nova Olimpia,BR,2022-04-09 00:49:32,-14.7972,-57.2881,74.01,92,60,2.24,broken clouds
403,Ahuimanu,US,2022-04-09 00:50:48,21.4447,-157.8378,80.31,72,100,18.41,overcast clouds
404,Kodiak,US,2022-04-09 00:47:28,57.79,-152.4072,33.31,44,0,21.85,clear sky
405,Necochea,AR,2022-04-09 00:50:49,-38.5473,-58.7368,60.19,95,7,8.99,clear sky
406,Morondava,MG,2022-04-09 00:50:50,-20.2833,44.2833,78.33,76,0,5.21,clear sky
407,Bubaque,GW,2022-04-09 00:50:50,11.2833,-15.8333,76.59,78,5,12.97,clear sky
408,Sicuani,PE,2022-04-09 00:50:51,-14.2694,-71.2261,45.03,90,100,8.32,overcast clouds
409,Henties Bay,NA,2022-04-09 00:50:51,-22.116,14.2845,60.67,82,0,4.29,clear sky
410,Pochutla,MX,2022-04-09 00:50:51,15.7432,-96.4661,81.82,66,100,3.6,overcast clouds
411,Saint-Augustin,CA,2022-04-09 00:50:52,51.226,-58.6502,31.55,95,100,10.07,overcast clouds
412,Panguna,PG,2022-04-09 00:50:52,-6.3164,155.4848,80.15,62,100,5.86,overcast clouds
413,Sassandra,CI,2022-04-09 00:50:53,4.95,-6.0833,80.1,86,100,4.99,overcast clouds
414,Kiunga,PG,2022-04-09 00:50:54,-6.1219,141.2906,84.72,70,94,2.57,overcast clouds
415,Sangar,RU,2022-04-09 00:50:54,63.9242,127.4739,24.03,91,51,2.13,broken clouds
416,Resistencia,AR,2022-04-09 00:50:55,-27.4606,-58.9839,71.65,94,0,4.61,clear sky
417,Yauya,PE,2022-04-09 00:50:55,-8.9833,-77.3,51.46,83,96,4.0,overcast clouds
418,Iqaluit,CA,2022-04-09 00:50:55,63.7506,-68.5145,17.33,79,100,4.61,light snow
419,Baglan,AF,2022-04-09 00:50:56,36.1307,68.7083,68.31,42,22,1.92,few clouds
420,Griffith,US,2022-04-09 00:50:56,41.5284,-87.4237,36.27,92,100,0.0,snow
421,Puerto Carreno,CO,2022-04-09 00:50:57,6.189,-67.4859,85.71,58,94,7.38,overcast clouds
422,Komatipoort,ZA,2022-04-09 00:50:58,-25.4332,31.9548,69.04,92,85,5.99,overcast clouds
423,Salinopolis,BR,2022-04-09 00:50:58,-0.6136,-47.3561,76.77,90,100,3.6,overcast clouds
424,Benjamin Constant,BR,2022-04-09 00:50:59,-4.3831,-70.0311,78.93,95,33,0.89,scattered clouds
425,Imeni Poliny Osipenko,RU,2022-04-09 00:50:59,52.4201,136.4853,27.46,90,100,4.7,overcast clouds
426,Tautira,PF,2022-04-09 00:46:47,-17.7333,-149.15,81.36,77,100,17.56,light rain
427,Ishigaki,JP,2022-04-09 00:51:01,24.3448,124.1572,75.33,69,20,12.66,few clouds
428,Christchurch,NZ,2022-04-09 00:50:06,-43.5333,172.6333,65.32,60,0,4.0,clear sky
429,Beausejour,CA,2022-04-09 00:51:03,50.0622,-96.5167,40.77,75,15,5.3,few clouds
430,Sitka,US,2022-04-09 00:51:03,57.0531,-135.33,42.69,56,75,10.36,broken clouds
431,Bayanday,RU,2022-04-09 00:51:04,53.0661,105.5139,35.04,77,100,9.28,overcast clouds
432,Berlevag,NO,2022-04-09 00:51:06,70.8578,29.0864,33.6,86,100,33.29,overcast clouds
433,Borazjan,IR,2022-04-09 00:51:08,29.2666,51.2159,78.85,25,100,6.58,overcast clouds
434,Labuhan,ID,2022-04-09 00:51:09,-6.8844,112.2051,80.04,80,100,11.54,overcast clouds
435,Ekhabi,RU,2022-04-09 00:51:10,53.5102,142.9671,27.05,72,64,4.63,broken clouds
436,Puerto Baquerizo Moreno,EC,2022-04-09 00:51:11,-0.9,-89.6,78.6,84,54,7.4,broken clouds
437,Mamou,GN,2022-04-09 00:51:12,10.5,-12.0,76.19,63,16,3.83,few clouds
438,Bolgatanga,GH,2022-04-09 00:51:12,10.7856,-0.8514,91.99,40,14,8.72,few clouds
439,Tutoia,BR,2022-04-09 00:51:13,-2.7619,-42.2744,77.43,90,100,9.86,overcast clouds
440,La Palma,US,2022-04-09 00:51:14,33.8464,-118.0467,101.01,12,0,16.11,clear sky
441,Alibag,IN,2022-04-09 00:51:14,18.6411,72.8792,84.27,88,8,1.92,clear sky
442,Rafaela,AR,2022-04-09 00:51:14,-31.2503,-61.4867,70.0,85,0,7.81,clear sky
443,Laguna,US,2022-04-09 00:50:54,38.421,-121.4238,89.89,25,0,3.44,clear sky
444,Casambalangan,PH,2022-04-09 00:51:15,18.3765,122.1274,77.65,87,88,7.94,overcast clouds
445,Japura,ID,2022-04-09 00:51:15,-0.3167,102.35,76.5,94,98,1.92,light rain
446,Homer,US,2022-04-09 00:47:20,59.6425,-151.5483,30.09,80,100,11.99,light snow
447,Huarmey,PE,2022-04-09 00:51:16,-10.0681,-78.1522,68.27,85,98,4.61,overcast clouds
448,Pokhara,NP,2022-04-09 00:51:16,28.2333,83.9833,72.72,44,58,2.35,broken clouds
449,Taitung,TW,2022-04-09 00:51:16,22.7583,121.1444,77.27,53,40,6.91,scattered clouds
450,Baiyin,CN,2022-04-09 00:51:17,36.5583,104.2081,60.04,13,0,5.19,clear sky
451,Great Yarmouth,GB,2022-04-09 00:51:18,52.6083,1.7305,39.42,80,33,14.18,scattered clouds
452,Alasehir,TR,2022-04-09 00:51:19,38.3508,28.5172,55.26,63,0,3.47,clear sky
453,Chalchihuites,MX,2022-04-09 00:51:21,23.4833,-103.8833,66.76,29,100,16.96,overcast clouds
454,Megion,RU,2022-04-09 00:51:22,61.0296,76.1136,6.82,95,8,8.41,clear sky
455,Turan,VN,2022-04-09 00:51:23,16.0678,108.2208,73.38,78,20,1.14,few clouds
456,Pangody,RU,2022-04-09 00:51:23,65.85,74.4859,-10.37,98,66,8.43,broken clouds
457,Sobolevo,RU,2022-04-09 00:51:24,54.4299,31.8996,35.15,95,97,5.95,overcast clouds
458,Kuandian,CN,2022-04-09 00:51:24,40.7286,124.7847,53.33,70,68,3.31,broken clouds
459,Port Blair,IN,2022-04-09 00:51:25,11.6667,92.75,77.04,94,40,2.3,mist
460,Peniche,PT,2022-04-09 00:51:26,39.3558,-9.3811,59.29,95,100,12.57,overcast clouds
461,Darnah,LY,2022-04-09 00:48:23,32.767,22.6367,58.68,55,0,8.88,clear sky
462,Morgan City,US,2022-04-09 00:48:30,29.6994,-91.2068,68.0,22,0,12.66,clear sky
463,Safford,US,2022-04-09 00:49:44,32.834,-109.7076,85.12,4,0,9.53,clear sky
464,Aquiraz,BR,2022-04-09 00:51:27,-3.9014,-38.3911,77.18,87,99,6.55,overcast clouds
465,Udachnyy,RU,2022-04-09 00:51:27,66.4167,112.4,14.45,61,98,4.07,overcast clouds
466,Worland,US,2022-04-09 00:51:27,44.0169,-107.9554,72.05,17,0,8.05,clear sky
467,Chenzhou,CN,2022-04-09 00:51:28,25.8,113.0333,74.98,46,0,3.62,clear sky
468,Lasa,IT,2022-04-09 00:51:28,46.6166,10.7002,49.08,95,85,4.85,overcast clouds
469,Solnechnyy,RU,2022-04-09 00:51:28,50.7214,136.6319,30.16,80,99,4.23,overcast clouds
470,Kralendijk,BQ,2022-04-09 00:51:20,12.15,-68.2667,78.78,83,0,16.11,clear sky
471,Camana,PE,2022-04-09 00:51:29,-16.6228,-72.7111,69.69,80,26,6.2,scattered clouds
472,Chiredzi,ZW,2022-04-09 00:51:29,-21.05,31.6667,68.63,74,100,11.99,overcast clouds
473,Prokhorovka,RU,2022-04-09 00:51:29,51.0374,36.7325,40.57,94,25,8.21,scattered clouds
474,Stara Zagora,BG,2022-04-09 00:51:30,42.4328,25.6419,48.92,80,6,3.06,clear sky
475,San Luis,AR,2022-04-09 00:51:30,-33.295,-66.3356,67.15,55,28,3.67,scattered clouds
476,Pontypridd,GB,2022-04-09 00:51:31,51.6021,-3.3421,39.2,80,3,5.99,clear sky
477,Chimbote,PE,2022-04-09 00:51:33,-9.0853,-78.5783,66.87,88,92,5.41,overcast clouds
478,Sabla,NG,2022-04-09 00:51:34,12.7525,4.7077,88.56,22,10,4.05,clear sky
479,Yulara,AU,2022-04-09 00:51:34,-25.2406,130.9889,76.84,25,0,12.66,clear sky
480,Camacha,PT,2022-04-09 00:51:34,33.0833,-16.3333,53.02,76,20,4.61,few clouds
481,Vyshchetarasivka,UA,2022-04-09 00:51:37,47.5685,34.881,44.71,82,100,3.13,overcast clouds
482,Mahibadhoo,MV,2022-04-09 00:51:38,3.7833,72.9667,83.88,71,84,9.64,broken clouds
483,Hofn,IS,2022-04-09 00:51:38,64.2539,-15.2082,29.79,59,99,12.1,overcast clouds
484,Belyy Yar,RU,2022-04-09 00:51:39,53.6039,91.3903,40.89,60,75,15.66,broken clouds
485,Antalaha,MG,2022-04-09 00:51:40,-14.9003,50.2788,73.58,91,61,6.73,broken clouds
486,Oranjemund,NA,2022-04-09 00:51:41,-28.55,16.4333,62.76,59,0,4.18,clear sky
487,Wukari,NG,2022-04-09 00:51:41,7.85,9.7833,78.42,69,100,6.13,overcast clouds
488,Tabuk,PH,2022-04-09 00:51:42,17.4189,121.4443,78.08,82,79,1.77,broken clouds
489,Saint-Louis,SN,2022-04-09 00:51:43,16.3333,-15.0,85.64,12,3,15.5,clear sky
490,Daru,PG,2022-04-09 00:51:44,-9.0763,143.2092,84.83,67,46,9.24,scattered clouds
491,Zhigansk,RU,2022-04-09 00:51:45,66.7697,123.3711,9.91,87,40,12.3,scattered clouds
492,Evensk,RU,2022-04-09 00:51:45,61.95,159.2333,19.22,82,100,4.94,overcast clouds
493,Richards Bay,ZA,2022-04-09 00:51:46,-28.783,32.0377,64.31,92,100,1.68,moderate rain
494,Dunedin,NZ,2022-04-09 00:51:46,-45.8742,170.5036,63.81,44,20,15.01,few clouds
495,Alice Springs,AU,2022-04-09 00:51:47,-23.7,133.8833,76.55,25,0,9.22,clear sky
496,Pitimbu,BR,2022-04-09 00:51:48,-7.4706,-34.8086,79.39,78,22,8.25,few clouds
497,Stolin,BY,2022-04-09 00:51:48,51.8912,26.846,42.06,91,100,2.44,overcast clouds
498,Kangaba,ML,2022-04-09 00:51:49,11.9333,-8.4167,86.9,11,86,2.95,overcast clouds
499,Kalga,RU,2022-04-09 00:51:50,50.9251,118.898,39.22,30,100,4.7,overcast clouds
500,San Felipe,VE,2022-04-09 00:51:51,10.3399,-68.7425,71.08,95,88,4.25,overcast clouds
501,Balakhninskiy,RU,2022-04-09 00:51:53,58.0106,114.2769,28.92,90,100,2.73,light snow
502,Almaznyy,RU,2022-04-09 00:51:53,48.0448,40.045,46.94,93,100,6.69,overcast clouds
503,Nefteyugansk,RU,2022-04-09 00:51:54,61.0998,72.6035,-1.89,99,30,6.31,scattered clouds
504,Lhokseumawe,ID,2022-04-09 00:51:54,5.1801,97.1507,78.53,81,99,2.24,overcast clouds
505,Vanimo,PG,2022-04-09 00:51:55,-2.6741,141.3028,82.27,76,100,2.01,light rain
506,Uige,AO,2022-04-09 00:51:57,-7.6087,15.0613,66.74,98,100,2.8,overcast clouds
507,Turbat,PK,2022-04-09 00:51:58,26.0023,63.044,78.01,29,98,1.61,overcast clouds
508,Maragogi,BR,2022-04-09 00:51:26,-9.0122,-35.2225,78.21,84,43,1.88,scattered clouds
509,Joshimath,IN,2022-04-09 00:51:59,30.5667,79.5667,56.14,47,1,7.27,clear sky
510,Terme,TR,2022-04-09 00:51:59,41.2092,36.9739,50.49,82,6,4.36,clear sky
511,Jaisalmer,IN,2022-04-09 00:52:00,26.9147,70.9181,80.98,23,0,10.87,clear sky
512,Shache,CN,2022-04-09 00:52:01,38.4167,77.2406,63.36,15,70,1.3,broken clouds
513,Odweyne,SO,2022-04-09 00:52:02,9.4092,45.064,71.8,55,33,6.44,scattered clouds
514,Sola,VU,2022-04-09 00:52:04,-13.8833,167.55,82.96,76,40,13.96,scattered clouds
515,Olga,RU,2022-04-09 00:52:05,43.7444,135.2892,50.0,61,100,0.38,overcast clouds
516,Kailua,US,2022-04-09 00:51:20,21.4022,-157.7394,80.58,73,100,10.36,overcast clouds
517,Santa Isabel Do Rio Negro,BR,2022-04-09 00:52:09,-0.4139,-65.0192,74.89,97,99,2.44,overcast clouds
518,Chandbali,IN,2022-04-09 00:52:12,20.7833,86.7667,78.71,86,0,11.68,clear sky
519,Uusikaupunki,FI,2022-04-09 00:52:13,60.8004,21.4084,30.61,96,100,15.93,light snow
520,Benguela,AO,2022-04-09 00:52:14,-12.5763,13.4055,75.09,91,92,1.48,light rain
521,Poum,NC,2022-04-09 00:52:15,-20.2333,164.0167,81.57,76,100,9.8,overcast clouds
522,Waipawa,NZ,2022-04-09 00:52:15,-41.4122,175.5153,55.89,62,96,6.6,overcast clouds
523,Azoyu,MX,2022-04-09 00:52:16,16.7167,-98.7333,78.73,61,41,3.31,scattered clouds
524,Verkh-Usugli,RU,2022-04-09 00:52:16,52.7,115.1667,33.98,49,100,2.28,overcast clouds
525,Hebi,CN,2022-04-09 00:52:17,35.8992,114.1925,79.99,28,96,3.47,overcast clouds
526,Nishihara,JP,2022-04-09 00:52:18,26.1842,127.7558,73.06,62,20,10.36,mist
527,Povenets,RU,2022-04-09 00:52:18,62.8487,34.8262,36.73,100,100,9.91,overcast clouds
528,Broken Hill,AU,2022-04-09 00:52:19,-31.95,141.4333,71.31,56,87,8.05,overcast clouds
529,San Andres,CO,2022-04-09 00:52:19,12.5847,-81.7006,82.42,78,40,11.5,scattered clouds
530,Makamba,BI,2022-04-09 00:52:19,-4.1348,29.804,60.91,87,46,2.46,scattered clouds
531,Fort Nelson,CA,2022-04-09 00:48:09,58.8053,-122.7002,44.19,31,100,9.22,overcast clouds
532,Sakakah,SA,2022-04-09 00:52:20,29.9697,40.2064,78.37,26,100,11.41,overcast clouds
533,Sao Felix Do Xingu,BR,2022-04-09 00:52:20,-6.6447,-51.995,72.21,97,85,1.74,overcast clouds
534,Araouane,ML,2022-04-09 00:52:20,18.9048,-3.5265,82.96,10,6,12.19,clear sky
535,Saint Helens,GB,2022-04-09 00:52:21,53.45,-2.7333,42.04,79,20,6.91,few clouds
536,Mosquera,CO,2022-04-09 00:52:22,4.7059,-74.2302,57.29,88,40,3.44,scattered clouds
537,Sarkand,KZ,2022-04-09 00:52:24,45.41,79.9186,48.94,67,100,3.09,overcast clouds
538,Ponta Do Sol,PT,2022-04-09 00:52:24,32.6667,-17.1,60.71,74,36,0.72,scattered clouds
539,Akyab,MM,2022-04-09 00:52:25,20.15,92.9,78.37,83,11,3.53,few clouds
540,Hamina,FI,2022-04-09 00:52:26,60.5697,27.1979,33.08,90,90,15.55,overcast clouds
541,Aksu,CN,2022-04-09 00:52:27,41.1231,80.2644,63.03,24,84,3.94,broken clouds
542,Gejiu,CN,2022-04-09 00:52:28,23.306,103.1635,55.44,59,0,4.88,clear sky
543,Sawakin,SD,2022-04-09 00:52:29,19.1059,37.3321,76.95,75,0,2.39,clear sky
544,Villacarrillo,ES,2022-04-09 00:52:30,38.1156,-3.0848,47.17,80,79,2.91,broken clouds
545,Brighton,GB,2022-04-09 00:52:34,50.8284,-0.1395,41.09,87,100,13.0,overcast clouds
546,Guerrero Negro,MX,2022-04-09 00:52:35,27.9769,-114.0611,73.33,43,89,13.4,overcast clouds
547,Princesa Isabel,BR,2022-04-09 00:52:36,-7.7367,-37.9933,69.28,84,48,4.34,scattered clouds
548,Juba,SS,2022-04-09 00:52:37,4.8517,31.5825,80.08,47,35,4.61,scattered clouds
549,Yumen,CN,2022-04-09 00:52:38,40.2833,97.2,63.3,8,97,5.28,overcast clouds
550,Dalvik,IS,2022-04-09 00:52:39,65.9702,-18.5286,24.73,88,91,6.24,overcast clouds
551,Ereymentau,KZ,2022-04-09 00:52:40,51.6199,73.1033,33.08,79,0,1.74,clear sky
552,Grootfontein,NA,2022-04-09 00:52:40,-19.5667,18.1167,58.57,88,22,3.44,few clouds
553,Walcz,PL,2022-04-09 00:52:41,53.2779,16.4712,35.94,84,99,6.64,overcast clouds
554,Ixtapa,MX,2022-04-09 00:47:54,20.7,-105.2,75.22,84,90,3.0,overcast clouds
555,Lazaro Cardenas,MX,2022-04-09 00:52:43,17.9583,-102.2,77.92,70,85,6.53,overcast clouds
556,Ostrowiec Swietokrzyski,PL,2022-04-09 00:52:44,50.9294,21.3853,42.67,93,100,3.4,overcast clouds
557,Maningrida,AU,2022-04-09 00:52:47,-12.0667,134.2667,85.41,53,47,6.51,scattered clouds
558,Ust-Nera,RU,2022-04-09 00:52:48,64.5667,143.2,20.75,91,100,6.04,light snow
559,Havelian,PK,2022-04-09 00:52:49,34.0536,73.1657,72.28,28,98,10.63,overcast clouds
560,College,US,2022-04-09 00:52:49,64.8569,-147.8028,15.75,46,75,14.97,broken clouds
561,Nantucket,US,2022-04-09 00:52:32,41.2835,-70.0995,48.99,87,0,11.5,clear sky
562,Valdosta,US,2022-04-09 00:52:44,30.8327,-83.2785,64.35,45,0,9.22,clear sky
563,Ampanihy,MG,2022-04-09 00:52:52,-24.7,44.75,73.47,83,100,11.36,overcast clouds
564,Orlik,RU,2022-04-09 00:52:53,52.5178,99.825,33.62,96,100,4.76,snow
565,Olinda,BR,2022-04-09 00:52:55,-8.0089,-34.8553,78.53,94,75,4.61,broken clouds
566,Kristiansund,NO,2022-04-09 00:52:55,63.1115,7.732,38.05,56,75,17.27,broken clouds
567,Willemstad,CW,2022-04-09 00:52:56,12.1084,-68.9335,80.51,78,20,16.11,few clouds
568,Villamontes,BO,2022-04-09 00:52:58,-21.25,-63.5,72.77,92,100,2.37,overcast clouds
569,Sorland,NO,2022-04-09 00:52:59,67.667,12.6934,37.44,59,100,20.85,overcast clouds
570,Yar-Sale,RU,2022-04-09 00:52:59,66.8333,70.8333,-8.72,97,100,7.85,overcast clouds
571,Straumen,NO,2022-04-09 00:53:00,63.8709,11.2999,32.0,85,100,6.38,overcast clouds
572,Neiafu,TO,2022-04-09 00:53:01,-18.65,-173.9833,86.68,74,20,10.36,few clouds
573,Remanso,BR,2022-04-09 00:53:01,-9.6179,-42.0831,77.85,53,12,3.49,few clouds
574,Statesboro,US,2022-04-09 00:53:02,32.4488,-81.7832,60.6,36,40,3.44,scattered clouds
575,Maniitsoq,GL,2022-04-09 00:53:03,65.4167,-52.9,14.34,86,27,12.93,scattered clouds
576,Paita,PE,2022-04-09 00:53:04,-5.0892,-81.1144,71.74,80,77,13.4,broken clouds
577,Rocky Mountain House,CA,2022-04-09 00:50:16,52.3668,-114.9188,55.51,30,14,18.41,few clouds
578,Huntingdon,GB,2022-04-09 00:52:20,52.3305,-0.1865,37.8,89,87,3.0,overcast clouds
579,Beloha,MG,2022-04-09 00:48:07,-25.1667,45.05,74.03,83,57,15.26,broken clouds
580,Vila Velha,BR,2022-04-09 00:48:09,-20.3297,-40.2925,80.55,82,75,3.44,broken clouds
581,Los Llanos De Aridane,ES,2022-04-09 00:53:09,28.6585,-17.9182,60.55,89,100,10.36,overcast clouds
582,Sibu,MY,2022-04-09 00:53:10,2.3,111.8167,73.71,100,40,0.0,scattered clouds
583,Quesnel,CA,2022-04-09 00:50:10,52.9999,-122.5029,48.7,31,20,13.8,few clouds
584,Sompeta,IN,2022-04-09 00:53:11,18.9333,84.6,78.87,83,2,9.19,clear sky
585,Brigantine,US,2022-04-09 00:53:13,39.4101,-74.3646,52.05,76,75,9.22,broken clouds
586,Biak,ID,2022-04-09 00:53:14,-0.9131,122.8766,82.02,68,100,2.01,overcast clouds
587,Kiri Buru,IN,2022-04-09 00:53:15,22.0833,85.35,76.6,50,5,3.6,clear sky
588,Suratgarh,IN,2022-04-09 00:53:15,29.3167,73.9,81.72,12,0,4.45,clear sky
589,Oistins,BB,2022-04-09 00:49:56,13.0667,-59.5333,77.09,88,75,16.11,broken clouds
590,Anage,BR,2022-04-09 00:53:16,-14.6122,-41.1356,72.46,56,2,2.48,clear sky
591,General Roca,AR,2022-04-09 00:53:17,-39.0333,-67.5833,63.63,44,100,14.85,overcast clouds
592,Riyadh,SA,2022-04-09 00:53:19,24.6877,46.7219,73.54,13,97,6.6,overcast clouds
593,Yeppoon,AU,2022-04-09 00:53:19,-23.1333,150.7333,74.98,80,100,18.16,overcast clouds
594,Siavonga,ZM,2022-04-09 00:53:20,-16.5382,28.7088,72.37,77,90,3.98,overcast clouds
595,Dmanisi,GE,2022-04-09 00:53:21,41.5251,44.3472,43.59,84,100,2.26,overcast clouds
596,Sao Miguel Do Araguaia,BR,2022-04-09 00:53:21,-13.275,-50.1628,78.19,68,22,2.93,few clouds
597,Zholymbet,KZ,2022-04-09 00:53:24,51.7433,71.7122,33.55,73,0,1.92,clear sky
598,Suntar,RU,2022-04-09 00:53:25,62.1444,117.6319,23.85,85,58,4.59,broken clouds
599,Ponta Delgada,PT,2022-04-09 00:53:29,37.7333,-25.6667,63.32,88,75,28.77,broken clouds
600,Samarinda,ID,2022-04-09 00:53:29,-0.5,117.15,75.22,95,100,3.18,overcast clouds
601,Harstad,NO,2022-04-09 00:53:30,68.799,16.5293,33.19,98,100,15.99,overcast clouds
602,Campo Largo,BR,2022-04-09 00:53:32,-25.4586,-49.5283,66.65,99,100,1.95,overcast clouds
603,Calamar,CO,2022-04-09 00:53:33,10.2511,-74.9146,79.36,84,100,6.02,overcast clouds
604,Port Shepstone,ZA,2022-04-09 00:53:34,-30.7414,30.455,63.63,87,100,2.39,light rain
605,Rurrenabaque,BO,2022-04-09 00:53:35,-14.4413,-67.5278,72.93,98,100,2.15,moderate rain
606,Port Hardy,CA,2022-04-09 00:53:35,50.6996,-127.4199,46.58,66,75,10.36,light intensity shower rain
607,Caconda,AO,2022-04-09 00:53:37,-13.7333,15.0667,59.49,91,1,3.69,clear sky
608,Codajas,BR,2022-04-09 00:53:39,-3.8367,-62.0569,75.16,97,86,2.8,light rain
609,Lazarev,RU,2022-04-09 00:53:40,52.225,141.5131,24.17,85,100,5.5,overcast clouds
610,Oussouye,SN,2022-04-09 00:53:42,12.485,-16.5469,75.38,65,10,7.74,clear sky
611,Filadelfia,US,2022-04-09 00:52:01,39.9523,-75.1638,57.09,54,40,8.01,scattered clouds
612,Nyuksenitsa,RU,2022-04-09 00:53:43,60.4128,44.2397,37.08,93,100,10.33,overcast clouds
613,Mackenzie,CA,2022-04-09 00:50:07,55.2999,-123.1698,37.62,93,100,4.61,overcast clouds
614,Pangai,TO,2022-04-09 00:53:45,-19.8,-174.35,86.11,66,20,6.91,few clouds
615,Gayeri,BF,2022-04-09 00:53:46,12.6497,0.4931,90.57,31,0,8.52,clear sky
616,Bushehr,IR,2022-04-09 00:53:47,28.9684,50.8385,73.09,63,100,6.4,overcast clouds
617,Cockburn Town,TC,2022-04-09 00:53:49,21.4612,-71.1419,76.96,78,40,19.57,scattered clouds
618,Ukiah,US,2022-04-09 00:50:17,39.1502,-123.2078,78.69,38,0,9.22,clear sky
619,Kapit,MY,2022-04-09 00:53:50,2.0167,112.9333,78.42,86,75,1.34,broken clouds
620,Mandera,KE,2022-04-09 00:53:51,3.9366,41.867,82.11,59,100,15.55,overcast clouds
621,Pastos Bons,BR,2022-04-09 00:53:52,-6.6017,-44.0767,73.62,92,100,2.3,overcast clouds
622,Beatrice,US,2022-04-09 00:53:53,40.2681,-96.747,51.46,23,0,13.8,clear sky
623,Dudinka,RU,2022-04-09 00:53:55,69.4058,86.1778,-0.38,98,94,2.66,overcast clouds
624,Batagay-Alyta,RU,2022-04-09 00:53:56,67.8006,130.4114,13.8,82,100,1.54,overcast clouds
625,Sudbury,CA,2022-04-09 00:53:52,46.49,-80.99,38.37,83,100,5.03,overcast clouds
626,Daugavpils,LV,2022-04-09 00:53:57,55.8833,26.5333,35.65,80,82,9.28,broken clouds
627,Itaituba,BR,2022-04-09 00:53:58,-4.2761,-55.9836,74.39,99,100,3.98,overcast clouds
628,Willmar,US,2022-04-09 00:53:58,45.1219,-95.0433,42.82,45,0,11.5,clear sky
629,Ailigandi,PA,2022-04-09 00:53:59,9.2333,-78.0167,79.02,88,100,8.19,overcast clouds
630,Fez,MA,2022-04-09 00:53:59,34.0372,-4.9998,48.45,93,0,5.75,clear sky
631,Kununurra,AU,2022-04-09 00:54:00,-15.7667,128.7333,89.58,35,99,4.61,overcast clouds
632,Aklavik,CA,2022-04-09 00:54:00,68.2191,-135.0107,12.7,91,100,20.87,overcast clouds
633,Obo,CF,2022-04-09 00:54:00,5.3998,26.4869,72.79,69,63,2.3,broken clouds
634,Wesselsbron,ZA,2022-04-09 00:54:01,-27.8549,26.3658,51.67,79,100,12.68,overcast clouds
635,Srednekolymsk,RU,2022-04-09 00:54:02,67.45,153.6833,-3.75,86,58,14.94,broken clouds
636,Si Satchanalai,TH,2022-04-09 00:54:03,17.5169,99.7598,73.18,47,52,3.56,broken clouds
637,Peace River,CA,2022-04-09 00:54:04,56.2501,-117.286,46.71,81,100,18.41,overcast clouds
638,Gat,IL,2022-04-09 00:54:04,31.61,34.7642,59.4,100,7,2.3,clear sky
639,Kieta,PG,2022-04-09 00:54:05,-6.2167,155.6333,85.1,67,100,7.43,overcast clouds
640,Iwanai,JP,2022-04-09 00:54:06,42.9744,140.5089,51.22,66,51,10.13,broken clouds
641,Bilibino,RU,2022-04-09 00:54:07,68.0546,166.4372,-6.18,71,8,1.92,clear sky
642,Lodwar,KE,2022-04-09 00:54:08,3.1191,35.5973,83.95,43,92,8.95,overcast clouds
643,Irece,BR,2022-04-09 00:54:09,-11.3042,-41.8558,70.05,39,3,10.78,clear sky
644,San Rafael,AR,2022-04-09 00:54:09,-34.6177,-68.3301,69.89,52,28,5.61,scattered clouds
645,Muli,MV,2022-04-09 00:54:10,2.9167,73.5667,84.25,68,69,12.21,broken clouds
646,Samfya,ZM,2022-04-09 00:54:12,-11.3649,29.5565,64.56,96,100,5.64,moderate rain
647,Havelock,US,2022-04-09 00:52:07,34.8791,-76.9013,64.38,61,40,10.36,scattered clouds
648,Rubtsovsk,RU,2022-04-09 00:54:15,51.5,81.25,36.16,73,0,4.7,clear sky
649,Esna,EG,2022-04-09 00:54:15,25.2934,32.554,78.82,20,19,15.03,few clouds
650,Yerbogachen,RU,2022-04-09 00:54:17,61.2767,108.0108,21.29,93,100,3.06,overcast clouds
651,Saurimo,AO,2022-04-09 00:54:19,-9.6608,20.3916,64.15,98,90,3.67,light rain
652,Kuala Terengganu,MY,2022-04-09 00:54:23,5.3302,103.1408,76.95,94,20,5.01,few clouds
653,Touros,BR,2022-04-09 00:54:23,-5.1989,-35.4608,80.06,81,99,11.99,overcast clouds
654,Kayerkan,RU,2022-04-09 00:54:24,69.3497,87.7602,-1.48,84,95,1.74,overcast clouds
655,Metlaltoyuca,MX,2022-04-09 00:54:25,20.7333,-97.85,66.78,52,6,11.36,clear sky
656,Isilkul,RU,2022-04-09 00:54:25,54.9109,71.2728,31.39,89,8,5.95,clear sky
657,Nago,JP,2022-04-09 00:54:26,26.5881,127.9761,73.83,66,5,10.74,clear sky
658,Belaya Gora,RU,2022-04-09 00:54:27,68.5333,146.4167,0.03,79,99,10.92,overcast clouds
659,Anadyr,RU,2022-04-09 00:54:28,64.75,177.4833,10.9,72,0,4.47,clear sky
660,Mastic Beach,US,2022-04-09 00:51:28,40.7668,-72.8521,52.0,77,0,13.0,clear sky
661,Anchorage,US,2022-04-09 00:50:57,61.2181,-149.9003,37.27,60,100,10.0,overcast clouds
662,Shizunai,JP,2022-04-09 00:54:31,42.3339,142.3669,42.87,70,8,11.83,clear sky
663,Lucea,JM,2022-04-09 00:54:33,18.451,-78.1736,80.46,74,74,1.48,broken clouds
664,Cap Malheureux,MU,2022-04-09 00:54:34,-19.9842,57.6142,76.46,86,36,5.01,scattered clouds
665,Tiznit,MA,2022-04-09 00:54:35,29.5833,-9.5,63.43,49,0,2.15,clear sky
666,Nuevo Progreso,MX,2022-04-09 00:54:35,23.1667,-97.95,71.55,45,100,1.01,overcast clouds
667,Huadian,CN,2022-04-09 00:54:38,42.9633,126.7478,59.11,57,6,14.58,clear sky
668,Vanino,RU,2022-04-09 00:54:39,49.0869,140.2543,38.03,65,50,4.03,scattered clouds
669,Gobabis,NA,2022-04-09 00:54:40,-22.45,18.9667,66.42,43,18,6.33,few clouds
670,Port-Cartier,CA,2022-04-09 00:54:40,50.0334,-66.8654,32.22,98,100,26.51,snow
671,Manjacaze,MZ,2022-04-09 00:54:40,-24.7117,33.8828,71.33,72,100,8.61,overcast clouds
672,Omaruru,NA,2022-04-09 00:54:41,-21.4333,15.9333,63.77,47,0,2.3,clear sky
673,Kayalpattinam,IN,2022-04-09 00:54:42,8.5667,78.1167,79.11,83,40,0.0,scattered clouds
674,Chimore,BO,2022-04-09 00:54:43,-16.9833,-65.1333,71.82,96,100,2.57,overcast clouds
675,Praia Da Vitoria,PT,2022-04-09 00:54:03,38.7333,-27.0667,62.85,82,75,24.56,broken clouds
676,San Jose,US,2022-04-09 00:49:58,37.3394,-121.895,85.28,43,75,17.27,broken clouds
677,Mangochi,MW,2022-04-09 00:54:46,-14.4782,35.2645,68.86,95,91,6.82,overcast clouds
678,Etchoropo,MX,2022-04-09 00:54:47,26.7667,-109.6667,82.42,51,0,9.8,clear sky
679,Yanam,IN,2022-04-09 00:54:49,16.7333,82.2167,77.32,89,85,2.53,overcast clouds
680,Outjo,NA,2022-04-09 00:54:50,-20.1167,16.15,66.76,42,0,2.98,clear sky
681,Ambilobe,MG,2022-04-09 00:54:51,-13.2,49.05,73.24,95,71,2.62,broken clouds
682,Tsogni,GA,2022-04-09 00:54:52,-2.7942,10.0988,77.04,90,100,2.89,light rain
683,Mayskiy,RU,2022-04-09 00:54:53,47.6931,40.1025,49.41,92,100,7.85,overcast clouds
684,Krasnyy Chikoy,RU,2022-04-09 00:54:55,50.3643,108.7512,40.55,74,100,2.71,moderate rain
685,Moindou,NC,2022-04-09 00:54:56,-21.6924,165.677,82.74,73,44,13.15,scattered clouds
686,Nuuk,GL,2022-04-09 00:50:21,64.1835,-51.7216,14.76,91,50,6.8,scattered clouds
687,Bermeo,ES,2022-04-09 00:54:58,43.4209,-2.7215,52.83,82,100,11.77,overcast clouds
688,Grand Gaube,MU,2022-04-09 00:54:58,-20.0064,57.6608,76.37,86,49,5.01,scattered clouds
689,Coihaique,CL,2022-04-09 00:54:59,-45.5752,-72.0662,47.01,93,0,0.0,clear sky
690,Senador Jose Porfirio,BR,2022-04-09 00:54:59,-2.5908,-51.9542,74.35,97,100,4.0,overcast clouds
691,Jardim,BR,2022-04-09 00:55:01,-21.4803,-56.1381,72.86,82,85,3.65,moderate rain
692,Ingham,US,2022-04-09 00:55:01,42.6,-84.3833,38.91,93,100,6.91,overcast clouds
693,Jose De Freitas,BR,2022-04-09 00:55:03,-4.7564,-42.5756,76.15,92,100,1.63,moderate rain
694,Miechow,PL,2022-04-09 00:55:05,50.3565,20.0279,43.59,94,100,6.2,overcast clouds
695,Lindi,TZ,2022-04-09 00:55:05,-10.0,39.7167,72.54,97,17,4.14,few clouds
696,Naze,JP,2022-04-09 00:55:06,28.3667,129.4833,67.12,66,0,9.64,clear sky
697,Mandalgovi,MN,2022-04-09 00:55:07,45.7625,106.2708,54.79,28,6,14.45,clear sky
698,Rio Branco,BR,2022-04-09 00:51:40,-9.9747,-67.81,77.61,100,40,2.3,scattered clouds
