City_ID,City,Country,Date,Lat,Lng,Max Temp,Humidity,Cloudiness,Wind Speed
0,Kudymkar,RU,2022-04-06 00:44:09,59.0173,54.656,20.3,97,80,6.69
1,Yellowknife,CA,2022-04-06 00:44:09,62.456,-114.3525,30.42,70,75,9.22
2,Soyo,AO,2022-04-06 00:43:10,-6.1349,12.3689,76.93,90,100,7.14
3,Rikitea,PF,2022-04-06 00:44:10,-23.1203,-134.9692,79.18,66,87,16.69
4,Margate,GB,2022-04-06 00:44:10,51.3813,1.3862,50.31,72,84,22.95
5,Provideniya,RU,2022-04-06 00:44:10,64.3833,-173.3,15.91,57,0,8.95
6,Mapiripan,CO,2022-04-06 00:44:11,2.8892,-72.1256,74.1,97,100,5.21
7,Port Lincoln,AU,2022-04-06 00:44:11,-34.7333,135.8667,64.9,68,38,18.12
8,Ushuaia,AR,2022-04-06 00:44:07,-54.8,-68.3,37.06,87,40,25.32
9,Hermanus,ZA,2022-04-06 00:44:11,-34.4187,19.2345,61.81,80,65,15.82
10,Kruisfontein,ZA,2022-04-06 00:44:12,-34.0033,24.7314,61.88,75,98,12.21
11,Albany,US,2022-04-06 00:42:52,42.6001,-73.9662,54.25,59,100,5.55
12,Pecos,US,2022-04-06 00:44:12,31.4229,-103.4932,90.43,10,0,20.71
13,Puerto Ayora,EC,2022-04-06 00:44:13,-0.7393,-90.3518,78.06,86,25,7.09
14,Hobart,AU,2022-04-06 00:42:37,-42.8794,147.3294,59.05,57,75,4.61
15,Sorland,NO,2022-04-06 00:44:13,67.667,12.6934,33.64,58,100,14.9
16,Chapais,CA,2022-04-06 00:44:13,49.7834,-74.8492,29.98,92,16,3.56
17,Luderitz,NA,2022-04-06 00:44:14,-26.6481,15.1594,59.76,75,0,11.9
18,Lourdes,FR,2022-04-06 00:44:14,43.1,-0.05,36.88,87,0,5.75
19,Vaini,TO,2022-04-06 00:44:15,-21.2,-175.2,77.16,94,75,4.61
20,Rock Springs,US,2022-04-06 00:43:42,41.5875,-109.2029,35.04,72,75,24.16
21,Cherskiy,RU,2022-04-06 00:44:15,68.75,161.3,-1.1,88,89,4.76
22,Airai,TL,2022-04-06 00:44:15,-8.9266,125.4092,71.58,59,74,2.44
23,Sept-Iles,CA,2022-04-06 00:44:16,50.2001,-66.3821,32.52,43,20,5.75
24,Pueblo,US,2022-04-06 00:43:28,38.2545,-104.6091,61.79,26,40,19.57
25,Plastun,RU,2022-04-06 00:44:16,44.7561,136.2939,38.28,29,73,14.52
26,Atuona,PF,2022-04-06 00:44:18,-9.8,-139.0333,79.48,72,0,21.72
27,Butaritari,KI,2022-04-06 00:44:16,3.0707,172.7902,81.32,80,100,17.43
28,Berdigestyakh,RU,2022-04-06 00:44:19,62.0989,126.6992,7.81,89,100,9.04
29,Kapaa,US,2022-04-06 00:44:19,22.0752,-159.319,78.78,83,100,11.5
30,Emerald,AU,2022-04-06 00:44:19,-23.5333,148.1667,82.35,65,40,5.75
31,Chuy,UY,2022-04-06 00:44:20,-33.6971,-53.4616,56.79,71,0,6.64
32,Pimentel,PE,2022-04-06 00:44:20,-6.8367,-79.9342,70.07,81,44,14.52
33,Lazaro Cardenas,MX,2022-04-06 00:39:45,17.9583,-102.2,74.66,73,8,8.68
34,Busselton,AU,2022-04-06 00:44:21,-33.65,115.3333,62.98,61,98,8.99
35,San Patricio,US,2022-04-06 00:44:21,28.017,-97.5169,82.35,79,2,2.46
36,New Norfolk,AU,2022-04-06 00:44:21,-42.7826,147.0587,58.71,36,0,2.75
37,Vila Velha,BR,2022-04-06 00:43:05,-20.3297,-40.2925,80.55,85,0,5.75
38,Lima,PE,2022-04-06 00:40:50,-12.0432,-77.0282,75.9,65,0,12.66
39,Bud,US,2022-04-06 00:44:22,39.447,-86.1758,56.89,94,100,7.45
40,Walvis Bay,NA,2022-04-06 00:44:22,-22.9575,14.5053,56.35,82,5,4.61
41,Victoria,HK,2022-04-06 00:41:05,22.2855,114.1577,74.95,76,35,1.01
42,Hilo,US,2022-04-06 00:44:23,19.7297,-155.09,78.53,76,100,6.91
43,Mataura,NZ,2022-04-06 00:44:23,-46.1927,168.8643,50.31,78,99,12.73
44,Kaitangata,NZ,2022-04-06 00:40:28,-46.2817,169.8464,54.19,64,60,20.18
45,Dikson,RU,2022-04-06 00:45:24,73.5069,80.5464,-0.53,80,17,19.17
46,Coihaique,CL,2022-04-06 00:45:24,-45.5752,-72.0662,56.01,82,75,8.05
47,Bethel,US,2022-04-06 00:45:25,41.3712,-73.414,49.87,61,100,4.72
48,Poltavskaya,RU,2022-04-06 00:45:25,45.362,38.2154,38.01,91,1,2.75
49,Pemangkat,ID,2022-04-06 00:45:26,1.1667,108.9667,82.02,74,92,2.24
50,Matay,EG,2022-04-06 00:45:26,28.419,30.7792,78.8,9,76,1.7
51,Hofn,IS,2022-04-06 00:45:26,64.2539,-15.2082,32.02,51,20,18.41
52,Revelstoke,CA,2022-04-06 00:42:18,50.9832,-118.2023,41.02,87,100,3.44
53,Punta Arenas,CL,2022-04-06 00:45:27,-53.15,-70.9167,39.31,70,20,4.61
54,Terrace,CA,2022-04-06 00:45:27,54.5163,-128.6035,40.91,65,75,13.8
55,Savonlinna,FI,2022-04-06 00:45:28,61.8699,28.88,23.05,93,100,13.8
56,Los Llanos De Aridane,ES,2022-04-06 00:45:28,28.6585,-17.9182,58.75,78,75,18.41
57,Kaeo,NZ,2022-04-06 00:45:28,-35.1,173.7833,79.32,74,21,10.78
58,Lebu,CL,2022-04-06 00:45:28,-37.6167,-73.65,54.57,94,100,8.3
59,Barrow,US,2022-04-06 00:40:47,71.2906,-156.7887,-11.18,77,0,5.75
60,Bredasdorp,ZA,2022-04-06 00:45:29,-34.5322,20.0403,58.37,74,21,13.18
61,Sinnamary,GF,2022-04-06 00:45:29,5.3833,-52.95,77.38,87,82,11.16
62,Ancud,CL,2022-04-06 00:45:30,-41.8697,-73.8203,58.23,92,100,16.11
63,Castro,BR,2022-04-06 00:40:35,-24.7911,-50.0119,63.52,97,72,5.03
64,Cabo San Lucas,MX,2022-04-06 00:44:46,22.8909,-109.9124,75.61,74,0,8.01
65,Balkanabat,TM,2022-04-06 00:45:30,39.5108,54.3671,57.33,60,95,1.32
66,Tasiilaq,GL,2022-04-06 00:45:31,65.6145,-37.6368,17.76,90,47,7.09
67,Severo-Kurilsk,RU,2022-04-06 00:45:31,50.6789,156.125,36.55,91,51,2.17
68,Samarai,PG,2022-04-06 00:45:31,-10.6167,150.6667,81.5,77,100,14.12
69,Catanduva,BR,2022-04-06 00:45:32,-21.1378,-48.9728,74.01,80,13,6.17
70,Souillac,MU,2022-04-06 00:45:32,-20.5167,57.5167,79.18,89,40,8.05
71,Arroyos Y Esteros,PY,2022-04-06 00:45:32,-25.0667,-57.1,71.35,96,31,4.23
72,Tuktoyaktuk,CA,2022-04-06 00:45:33,69.4541,-133.0374,-5.8,71,20,9.22
73,Kawalu,ID,2022-04-06 00:45:33,-7.3817,108.2082,77.29,82,87,2.17
74,Bluff,NZ,2022-04-06 00:45:33,-46.6,168.3333,52.88,69,86,33.51
75,Ekuvukeni,ZA,2022-04-06 00:45:34,-28.4675,30.1551,57.94,58,34,1.63
76,Solone,UA,2022-04-06 00:45:34,48.2081,34.8721,41.13,91,99,14.99
77,Isangel,VU,2022-04-06 00:45:34,-19.55,169.2667,84.31,79,100,4.61
78,Flinders,AU,2022-04-06 00:45:35,-34.5833,150.8552,67.17,91,100,5.99
79,Half Moon Bay,US,2022-04-06 00:45:35,37.4636,-122.4286,71.51,63,0,23.02
80,Jumla,NP,2022-04-06 00:45:35,29.2747,82.1838,49.8,26,9,5.26
81,Marsh Harbour,BS,2022-04-06 00:45:36,26.5412,-77.0636,76.71,83,6,13.8
82,Mahebourg,MU,2022-04-06 00:45:36,-20.4081,57.7,79.09,89,40,8.05
83,Sao Joao Da Barra,BR,2022-04-06 00:45:36,-21.6403,-41.0511,75.83,93,51,8.23
84,Nizhniy Tsasuchey,RU,2022-04-06 00:45:37,50.5167,115.1333,28.65,26,100,6.11
85,Palmas,BR,2022-04-06 00:45:37,-10.2128,-48.3603,80.47,83,0,5.75
86,Saint-Philippe,RE,2022-04-06 00:45:37,-21.3585,55.7679,75.22,88,100,9.4
87,Shimoda,JP,2022-04-06 00:45:38,34.6667,138.95,65.1,59,100,12.62
88,Padang,ID,2022-04-06 00:45:38,-0.9492,100.3543,77.05,79,90,3.31
89,Carnarvon,AU,2022-04-06 00:46:38,-24.8667,113.6333,77.07,61,0,11.5
90,Chokurdakh,RU,2022-04-06 00:46:38,70.6333,147.9167,-5.19,92,14,6.22
91,Talnakh,RU,2022-04-06 00:46:39,69.4865,88.3972,10.17,78,100,7.94
92,Kiama,AU,2022-04-06 00:46:39,-34.6833,150.8667,67.37,94,100,1.99
93,Ilulissat,GL,2022-04-06 00:46:39,69.2167,-51.1,26.62,86,75,6.91
94,Rajur,IN,2022-04-06 00:46:40,20.1167,78.9167,84.15,36,100,6.11
95,Khuzhir,RU,2022-04-06 00:46:40,53.1939,107.3397,21.34,93,100,4.34
96,Cape Town,ZA,2022-04-06 00:46:24,-33.9258,18.4232,58.12,89,75,9.22
97,Constitucion,CL,2022-04-06 00:44:13,-35.3333,-72.4167,55.76,85,13,11.12
98,Campos,BR,2022-04-06 00:46:40,-21.75,-41.3,73.56,97,46,5.03
99,Bemidji,US,2022-04-06 00:45:46,47.4736,-94.8803,35.06,99,100,11.5
100,Egvekinot,RU,2022-04-06 00:46:41,66.3167,-179.1667,-2.11,79,37,2.55
101,Mayumba,GA,2022-04-06 00:46:41,-3.432,10.6554,77.14,93,100,6.17
102,Nikolskoye,RU,2022-04-06 00:46:42,59.7035,30.7861,26.8,78,100,12.17
103,Hambantota,LK,2022-04-06 00:46:42,6.1241,81.1185,73.74,100,20,1.14
104,Fairbanks,US,2022-04-06 00:45:02,64.8378,-147.7164,33.6,54,0,5.75
105,Van,TR,2022-04-06 00:46:42,38.4924,43.3831,49.35,40,40,9.22
106,Nahrin,AF,2022-04-06 00:46:43,36.0649,69.1334,63.36,27,7,7.9
107,Clyde River,CA,2022-04-06 00:46:43,70.4692,-68.5914,-3.77,84,0,3.44
108,Kingman,US,2022-04-06 00:46:43,35.1894,-114.053,87.19,12,0,16.11
109,Henties Bay,NA,2022-04-06 00:46:44,-22.116,14.2845,60.3,84,0,7.18
110,Port Elizabeth,ZA,2022-04-06 00:46:44,-33.918,25.5701,64.09,74,0,19.57
111,Yambio,SS,2022-04-06 00:46:44,4.5721,28.3955,71.02,69,66,4.09
112,Caravelas,BR,2022-04-06 00:46:45,-17.7125,-39.2481,76.66,85,57,4.9
113,Saint George,US,2022-04-06 00:46:45,37.1041,-113.5841,82.99,15,0,21.85
114,Zapolyarnyy,RU,2022-04-06 00:46:45,69.4154,30.8136,27.68,91,100,20.62
115,Esperance,AU,2022-04-06 00:43:11,-33.8667,121.9,62.44,66,91,8.46
116,Kanniyakumari,IN,2022-04-06 00:46:46,8.0833,77.5667,80.85,75,85,3.27
117,Kaabong,UG,2022-04-06 00:46:46,3.4836,34.1492,70.84,51,11,13.18
118,Arraial Do Cabo,BR,2022-04-06 00:46:46,-22.9661,-42.0278,76.53,89,8,13.29
119,Shenjiamen,CN,2022-04-06 00:46:47,29.9576,122.298,59.43,79,100,1.59
120,Jurm,AF,2022-04-06 00:46:47,36.8648,70.8342,53.2,39,0,6.35
121,Lakes Entrance,AU,2022-04-06 00:46:47,-37.8811,147.981,61.16,75,100,10.04
122,Russell,US,2022-04-06 00:45:23,32.3502,-85.1999,63.63,90,75,4.61
123,Kununurra,AU,2022-04-06 00:44:41,-15.7667,128.7333,87.78,62,8,6.91
124,Kondinskoye,RU,2022-04-06 00:46:48,59.6481,67.41,26.01,92,100,16.22
125,Coquimbo,CL,2022-04-06 00:43:25,-29.9533,-71.3436,61.72,77,6,2.42
126,Kamenka,RU,2022-04-06 00:46:48,51.3223,42.7678,37.72,66,100,14.14
127,College,US,2022-04-06 00:46:49,64.8569,-147.8028,33.58,55,75,5.75
128,Karratha,AU,2022-04-06 00:46:49,-20.7377,116.8463,87.91,48,6,3.13
129,Khasan,RU,2022-04-06 00:46:49,42.4308,130.6434,38.44,27,0,19.93
130,Deputatskiy,RU,2022-04-06 00:46:50,69.3,139.9,-5.71,93,78,3.2
131,Gravdal,NO,2022-04-06 00:46:50,68.1214,13.5031,32.58,61,100,15.08
132,Hamilton,US,2022-04-06 00:45:27,39.1834,-84.5333,54.45,96,100,6.91
133,San Quintin,MX,2022-04-06 00:46:14,30.4833,-115.95,63.63,73,1,6.64
134,Yulara,AU,2022-04-06 00:47:51,-25.2406,130.9889,73.24,56,10,13.8
135,Qaanaaq,GL,2022-04-06 00:47:51,77.484,-69.3632,11.39,90,100,1.52
136,Vila Franca Do Campo,PT,2022-04-06 00:47:51,37.7167,-25.4333,54.01,78,35,2.93
137,Jibuti,DJ,2022-04-06 00:47:52,11.5,42.5,71.51,74,0,10.89
138,Innisfail,AU,2022-04-06 00:44:00,-17.5333,146.0333,84.22,61,95,6.04
139,Kutum,SD,2022-04-06 00:47:52,14.2,24.6667,76.96,17,0,10.0
140,Sudbury,CA,2022-04-06 00:46:05,46.49,-80.99,41.97,76,100,3.85
141,Salta,AR,2022-04-06 00:45:49,-24.7859,-65.4117,64.58,82,40,5.01
142,Jacareacanga,BR,2022-04-06 00:47:53,-6.2222,-57.7528,74.62,93,100,2.51
143,Darnah,LY,2022-04-06 00:47:53,32.767,22.6367,65.61,63,54,14.83
144,Radford,US,2022-04-06 00:47:53,37.1318,-80.5764,57.31,98,100,8.05
145,Ribeira Grande,PT,2022-04-06 00:47:54,38.5167,-28.7,60.71,88,46,14.0
146,Calama,CL,2022-04-06 00:47:54,-22.4667,-68.9333,59.31,14,96,3.0
147,Jamestown,US,2022-04-06 00:45:22,42.097,-79.2353,55.04,49,0,6.91
148,Loandjili,CG,2022-04-06 00:47:54,-4.7561,11.8578,77.11,94,20,5.75
149,Nhulunbuy,AU,2022-04-06 00:47:55,-12.2333,136.7667,88.41,70,40,5.75
150,Almaznyy,RU,2022-04-06 00:47:55,48.0448,40.045,34.21,71,95,8.39
151,Bengkulu,ID,2022-04-06 00:47:55,-3.8004,102.2655,77.11,81,100,3.09
152,San Vicente,AR,2022-04-06 00:46:41,-26.6167,-54.1333,65.44,98,90,1.86
153,Cidreira,BR,2022-04-06 00:47:56,-30.1811,-50.2056,66.65,76,3,5.75
154,Quebradillas,PR,2022-04-06 00:47:56,18.4738,-66.9385,76.23,94,67,4.27
155,Traralgon,AU,2022-04-06 00:47:56,-38.1833,146.5333,63.93,70,100,7.54
156,Mitsamiouli,KM,2022-04-06 00:47:56,-11.3847,43.2844,81.12,75,2,5.46
157,Imbituba,BR,2022-04-06 00:47:57,-28.24,-48.6703,73.81,91,99,2.68
158,Chunskiy,RU,2022-04-06 00:47:57,56.0815,99.6342,36.01,96,100,2.51
159,Vicuna,CL,2022-04-06 00:45:22,-30.0319,-70.7081,71.28,39,0,1.07
160,Metro,ID,2022-04-06 00:47:58,-5.1131,105.3067,77.97,83,100,1.57
161,East London,ZA,2022-04-06 00:47:58,-33.0153,27.9116,65.8,70,51,10.54
162,Rawson,AR,2022-04-06 00:44:30,-43.3002,-65.1023,70.16,41,100,15.93
163,Pasighat,IN,2022-04-06 00:47:58,28.0667,95.3333,69.12,90,100,1.97
164,Vega De Alatorre,MX,2022-04-06 00:47:59,20.0333,-96.6333,80.49,62,11,6.02
165,Waipawa,NZ,2022-04-06 00:47:59,-41.4122,175.5153,65.8,71,100,17.87
166,La Ligua,CL,2022-04-06 00:47:59,-32.4524,-71.2311,63.57,62,0,0.96
167,Diamantina,BR,2022-04-06 00:48:00,-18.2494,-43.6003,62.92,80,27,3.6
168,Arcata,US,2022-04-06 00:44:14,40.8665,-124.0828,56.19,68,0,17.27
169,San Pedro,PH,2022-04-06 00:46:11,14.35,121.0167,84.25,78,75,4.61
170,Westport,US,2022-04-06 00:46:58,41.1415,-73.3579,50.65,71,100,4.61
171,Srivardhan,IN,2022-04-06 00:48:00,18.0333,73.0167,77.9,86,52,3.2
172,Ano Mera,GR,2022-04-06 00:48:01,37.45,25.4,58.66,78,62,21.97
173,Shinjo,JP,2022-04-06 00:48:01,38.7586,140.3008,56.28,48,100,8.12
174,Saskylakh,RU,2022-04-06 00:48:02,71.9167,114.0833,-13.0,97,62,4.38
175,Portel,BR,2022-04-06 00:48:02,-1.9356,-50.8211,74.25,97,100,2.98
176,Santiago Del Estero,AR,2022-04-06 00:48:02,-27.7951,-64.2615,75.83,63,100,5.3
177,Byron Bay,AU,2022-04-06 00:48:03,-28.65,153.6167,78.69,77,31,6.58
178,Longyearbyen,SJ,2022-04-06 00:49:03,78.2186,15.6401,8.44,72,0,16.11
179,Ponta Do Sol,PT,2022-04-06 00:49:04,32.6667,-17.1,59.63,64,48,8.03
180,Oudtshoorn,ZA,2022-04-06 00:49:04,-33.5907,22.2014,57.56,77,20,2.28
181,Port Hardy,CA,2022-04-06 00:45:35,50.6996,-127.4199,46.4,70,75,2.3
182,Quatre Cocos,MU,2022-04-06 00:49:04,-20.2078,57.7625,78.91,85,100,11.07
183,Ahipara,NZ,2022-04-06 00:49:05,-35.1667,173.1667,72.23,79,22,10.27
184,Skjervoy,NO,2022-04-06 00:49:05,70.0311,20.9714,30.2,69,100,19.71
185,Biak,ID,2022-04-06 00:44:14,-0.9131,122.8766,80.55,74,100,5.73
186,Banda Aceh,ID,2022-04-06 00:49:06,5.5577,95.3222,79.02,81,98,8.46
187,Ratnagiri,IN,2022-04-06 00:49:06,16.9833,73.3,79.16,86,99,6.46
188,Grindavik,IS,2022-04-06 00:49:06,63.8424,-22.4338,28.87,69,40,24.16
189,Miri,MY,2022-04-06 00:49:07,4.4148,114.0089,75.34,100,40,0.0
190,Hithadhoo,MV,2022-04-06 00:49:07,-0.6,73.0833,82.26,69,16,4.23
191,Kontagora,NG,2022-04-06 00:49:08,10.3999,5.4695,82.99,50,97,4.32
192,Bulaevo,KZ,2022-04-06 00:49:08,54.9056,70.4439,33.76,83,100,10.96
193,Bilibino,RU,2022-04-06 00:49:09,68.0546,166.4372,4.37,74,92,3.06
194,Viedma,AR,2022-04-06 00:49:09,-40.8135,-62.9967,68.74,41,96,11.61
195,Mount Gambier,AU,2022-04-06 00:47:32,-37.8333,140.7667,62.51,72,100,13.8
196,Port Alfred,ZA,2022-04-06 00:49:09,-33.5906,26.891,57.18,88,6,1.99
197,Ambon,ID,2022-04-06 00:49:10,-3.6954,128.1814,93.34,59,20,1.14
198,Nampula,MZ,2022-04-06 00:49:10,-15.1165,39.2666,73.35,94,40,8.05
199,Alofi,NU,2022-04-06 00:49:10,-19.0595,-169.9187,84.09,65,75,4.61
200,Adrar,MR,2022-04-06 00:49:11,20.5022,-10.0711,72.61,31,1,11.68
201,Fort Nelson,CA,2022-04-06 00:49:11,58.8053,-122.7002,49.59,23,75,4.61
202,Simao,CN,2022-04-06 00:49:12,22.7886,100.9748,67.01,74,1,2.68
203,Kavieng,PG,2022-04-06 00:49:12,-2.5744,150.7967,81.39,76,100,14.29
204,Nouadhibou,MR,2022-04-06 00:49:13,20.931,-17.0347,64.38,63,0,23.02
205,Contai,IN,2022-04-06 00:49:13,21.7786,87.7536,79.3,81,6,13.71
206,Sao Filipe,CV,2022-04-06 00:49:13,14.8961,-24.4956,71.46,72,0,8.79
207,Port Hedland,AU,2022-04-06 00:49:14,-20.3167,118.5667,89.65,43,0,16.11
208,Victor Harbor,AU,2022-04-06 00:49:14,-35.5667,138.6167,62.92,72,80,9.1
209,Lagoa,PT,2022-04-06 00:49:14,39.05,-27.9833,59.68,86,34,15.61
210,Tiksi,RU,2022-04-06 00:49:15,71.6872,128.8694,-10.43,100,100,3.4
211,Khandyga,RU,2022-04-06 00:49:15,62.6667,135.6,14.67,79,100,5.41
212,Klyuchi,RU,2022-04-06 00:49:16,52.2667,79.1667,47.44,93,91,6.44
213,Mbini,GQ,2022-04-06 00:49:16,1.574,9.6134,79.38,85,100,1.95
214,Kimbe,PG,2022-04-06 00:49:16,-5.5502,150.1429,83.34,79,99,2.39
215,Uralets,RU,2022-04-06 00:49:17,57.6614,59.6497,24.82,90,96,11.54
216,Grand Gaube,MU,2022-04-06 00:49:17,-20.0064,57.6608,79.2,92,100,1.99
217,Umm Lajj,SA,2022-04-06 00:49:17,25.0213,37.2685,79.2,42,0,7.2
218,Jinka,ET,2022-04-06 00:49:18,5.65,36.65,68.07,51,30,3.85
219,Srednekolymsk,RU,2022-04-06 00:45:39,67.45,153.6833,-1.39,87,85,6.08
220,Svetlyy Yar,RU,2022-04-06 00:49:18,48.4748,44.781,40.6,87,86,9.06
221,Suffolk,US,2022-04-06 00:49:19,40.8668,-72.7996,49.64,76,100,8.05
222,Koutiala,ML,2022-04-06 00:49:19,12.3917,-5.4642,91.63,31,46,4.68
223,Husavik,IS,2022-04-06 00:46:42,66.0449,-17.3389,28.13,78,100,24.0
224,Sitka,US,2022-04-06 00:50:20,57.0531,-135.33,44.49,61,40,11.5
225,Tsiroanomandidy,MG,2022-04-06 00:50:20,-18.7667,46.0333,63.59,86,0,1.14
226,Tura,IN,2022-04-06 00:48:18,25.5198,90.2201,72.12,85,22,6.51
227,Namibe,AO,2022-04-06 00:50:21,-15.1961,12.1522,69.71,82,18,5.14
228,Rapar,IN,2022-04-06 00:50:21,23.5667,70.6333,77.45,59,90,8.25
229,Otjiwarongo,NA,2022-04-06 00:50:22,-20.4637,16.6477,59.22,41,0,2.68
230,Palmer,US,2022-04-06 00:50:22,42.1584,-72.3287,51.4,46,75,11.5
231,Santa Rosa Del Sur,CO,2022-04-06 00:50:22,7.9644,-74.0544,71.71,91,83,2.1
232,Kodiak,US,2022-04-06 00:50:23,57.79,-152.4072,38.71,70,100,12.66
233,Vestmannaeyjar,IS,2022-04-06 00:46:52,63.4427,-20.2734,29.71,61,3,26.57
234,Arlit,NE,2022-04-06 00:50:23,18.7369,7.3853,86.2,6,98,10.09
235,Lorengau,PG,2022-04-06 00:50:24,-2.0226,147.2712,80.62,84,100,10.02
236,Aasiaat,GL,2022-04-06 00:50:24,68.7098,-52.8699,24.55,95,100,4.14
237,Pevek,RU,2022-04-06 00:50:25,69.7008,170.3133,-5.19,93,100,5.19
238,Turukhansk,RU,2022-04-06 00:50:25,65.8167,87.9833,33.1,98,100,19.71
239,Makakilo City,US,2022-04-06 00:50:25,21.3469,-158.0858,79.61,56,100,14.97
240,Alta,NO,2022-04-06 00:50:26,69.9689,23.2717,29.46,79,100,17.0
241,Galiakot,IN,2022-04-06 00:50:26,23.5167,74.0,84.61,18,74,3.96
242,Jizan,SA,2022-04-06 00:50:26,17.3333,42.6667,77.94,34,0,0.25
243,Mesyagutovo,RU,2022-04-06 00:50:27,55.5303,58.2528,28.38,85,91,11.16
244,Aksarka,RU,2022-04-06 00:50:27,66.5606,67.7975,21.52,92,100,25.99
245,Lebyazhye,RU,2022-04-06 00:50:27,55.2689,66.4947,31.03,79,8,13.42
246,Ashland,US,2022-04-06 00:50:07,40.8167,-82.2665,53.17,92,100,5.32
247,Gat,IL,2022-04-06 00:50:00,31.61,34.7642,82.4,19,100,7.78
248,Kenai,US,2022-04-06 00:50:28,60.5544,-151.2583,43.03,72,75,16.11
249,Aswan,EG,2022-04-06 00:50:28,24.0934,32.907,79.9,10,0,5.75
250,Jaunjelgava,LV,2022-04-06 00:50:29,56.6167,25.0833,30.78,82,100,14.38
251,Weligama,LK,2022-04-06 00:50:29,5.9667,80.4167,76.19,86,57,2.77
252,Dondo,MZ,2022-04-06 00:50:29,-19.6094,34.7431,73.74,97,74,3.65
253,Khatanga,RU,2022-04-06 00:50:30,71.9667,102.5,-2.2,89,12,11.36
254,Wakefield,GB,2022-04-06 00:50:30,53.6809,-1.499,51.26,85,76,14.94
255,Tual,ID,2022-04-06 00:50:30,-5.6667,132.75,82.78,70,10,8.08
256,Aldama,MX,2022-04-06 00:50:30,22.9167,-98.0667,85.5,72,26,8.46
257,Miajadas,ES,2022-04-06 00:50:31,39.1513,-5.9084,42.35,92,100,6.29
258,Keuruu,FI,2022-04-06 00:50:31,62.2667,24.7,23.18,93,100,12.53
259,Povenets,RU,2022-04-06 00:50:32,62.8487,34.8262,31.68,98,100,12.08
260,Olafsvik,IS,2022-04-06 00:50:32,64.8945,-23.7142,27.16,67,60,27.56
261,Tukrah,LY,2022-04-06 00:50:32,32.5341,20.5791,64.67,61,22,7.63
262,Spas-Demensk,RU,2022-04-06 00:50:32,54.4122,34.0226,28.67,89,99,8.46
263,Tuatapere,NZ,2022-04-06 00:46:47,-46.1333,167.6833,50.92,76,100,19.24
264,Ambulu,ID,2022-04-06 00:50:33,-8.345,113.6058,79.74,83,76,1.28
265,Mikhaylovka,RU,2022-04-06 00:50:33,50.06,43.2379,37.78,65,100,11.03
266,Ucluelet,CA,2022-04-06 00:50:17,48.9329,-125.5528,49.08,68,1,5.01
267,Saint-Augustin,CA,2022-04-06 00:50:34,51.226,-58.6502,32.59,84,100,12.97
268,Yining,CN,2022-04-06 00:50:34,29.0361,114.5636,66.09,69,100,0.58
269,Rrogozhine,AL,2022-04-06 00:51:34,41.0764,19.6653,42.98,77,81,2.33
270,Igarka,RU,2022-04-06 00:51:35,67.4667,86.5833,26.37,95,100,23.22
271,Touros,BR,2022-04-06 00:50:32,-5.1989,-35.4608,78.93,80,1,10.18
272,Homer,US,2022-04-06 00:51:35,59.6425,-151.5483,42.67,57,75,6.91
273,Kudahuvadhoo,MV,2022-04-06 00:51:35,2.6708,72.8944,82.8,68,17,2.62
274,Katsuura,JP,2022-04-06 00:51:36,35.1333,140.3,61.95,66,100,13.13
275,At-Bashi,KG,2022-04-06 00:51:36,41.1702,75.8106,36.3,44,0,2.53
276,Acapulco,MX,2022-04-06 00:49:22,16.8634,-99.8901,77.23,71,0,10.27
277,Tezu,IN,2022-04-06 00:51:36,27.9167,96.1667,67.48,88,100,3.58
278,Praia Da Vitoria,PT,2022-04-06 00:51:37,38.7333,-27.0667,59.76,88,20,7.65
279,Awbari,LY,2022-04-06 00:51:37,26.5921,12.7805,83.82,9,0,10.36
280,Likasi,CD,2022-04-06 00:51:37,-10.9814,26.7333,61.02,98,100,2.57
281,Qaqortoq,GL,2022-04-06 00:51:38,60.7167,-46.0333,29.55,93,41,4.43
282,Cabo Rojo,PR,2022-04-06 00:51:38,18.0866,-67.1457,79.72,82,99,1.01
283,Ushtobe,KZ,2022-04-06 00:51:38,45.2514,77.9838,59.83,36,8,5.41
284,Karatau,KZ,2022-04-06 00:51:39,43.1667,70.4667,62.37,37,100,6.42
285,Shakawe,BW,2022-04-06 00:51:39,-18.3667,21.85,72.48,57,92,2.8
286,Narsaq,GL,2022-04-06 00:47:59,60.9167,-46.05,34.02,83,23,0.43
287,Zeya,RU,2022-04-06 00:51:39,53.75,127.2667,24.33,42,100,13.09
288,Cobija,BO,2022-04-06 00:51:40,-11.0267,-68.7692,77.32,78,53,0.85
289,Kambove,CD,2022-04-06 00:51:40,-10.8764,26.5969,60.1,97,100,2.3
290,Trairi,BR,2022-04-06 00:51:40,-3.2778,-39.2689,76.24,86,10,5.99
291,Bubaque,GW,2022-04-06 00:51:40,11.2833,-15.8333,76.62,72,0,15.5
292,Svetlaya,RU,2022-04-06 00:51:41,46.5389,138.3297,35.13,48,4,16.46
293,Necochea,AR,2022-04-06 00:51:41,-38.5473,-58.7368,62.98,55,13,9.44
294,Glendive,US,2022-04-06 00:51:41,47.1053,-104.7125,42.69,66,75,42.57
295,Krasnoselkup,RU,2022-04-06 00:51:42,65.7,82.4667,34.47,99,100,20.94
296,Tanout,NE,2022-04-06 00:51:42,14.9709,8.8879,82.47,7,71,10.18
297,Thompson,CA,2022-04-06 00:51:42,55.7435,-97.8558,39.36,52,75,9.22
298,Anadyr,RU,2022-04-06 00:51:43,64.75,177.4833,1.9,71,0,6.71
299,Boundiali,CI,2022-04-06 00:51:43,9.5217,-6.4869,80.49,59,29,3.13
300,Mar Del Plata,AR,2022-04-06 00:50:06,-38.0023,-57.5575,67.08,65,0,13.8
301,Avarua,CK,2022-04-06 00:51:43,-21.2078,-159.775,86.05,70,100,11.5
302,Kikwit,CD,2022-04-06 00:51:44,-5.041,18.8162,69.91,96,100,2.39
303,Jussara,BR,2022-04-06 00:51:44,-23.6214,-52.4694,80.56,84,9,3.56
304,Malacacheta,BR,2022-04-06 00:51:44,-17.8422,-42.0767,65.16,72,45,2.13
305,Hasaki,JP,2022-04-06 00:51:44,35.7333,140.8333,63.0,74,100,10.71
306,Juruti,BR,2022-04-06 00:51:45,-2.1522,-56.0922,74.32,93,100,3.29
307,Krasnotorka,UA,2022-04-06 00:51:45,48.682,37.5327,39.96,75,100,14.88
308,Nome,US,2022-04-06 00:51:45,64.5011,-165.4064,10.47,61,0,5.75
309,Te Anau,NZ,2022-04-06 00:51:46,-45.4167,167.7167,52.18,64,93,7.23
310,Silifke,TR,2022-04-06 00:51:46,36.3778,33.9344,64.08,59,100,5.75
311,Kahului,US,2022-04-06 00:51:46,20.8947,-156.47,84.22,65,20,20.71
312,Worland,US,2022-04-06 00:51:47,44.0169,-107.9554,46.6,20,40,31.07
313,Inhambane,MZ,2022-04-06 00:51:47,-23.865,35.3833,75.6,85,1,7.76
314,Marfino,RU,2022-04-06 00:51:47,55.7028,37.3822,34.05,86,75,11.18
315,Xinxiang,CN,2022-04-06 00:47:15,35.3089,113.8672,62.67,47,0,13.82
316,Zehdenick,DE,2022-04-06 00:52:48,52.9785,13.3317,47.82,98,100,2.84
317,Sabang,ID,2022-04-06 00:52:48,5.8933,95.3214,80.26,74,100,15.97
318,Karaton,ID,2022-04-06 00:52:48,-6.3424,106.1045,76.69,88,100,3.38
319,Yar-Sale,RU,2022-04-06 00:52:49,66.8333,70.8333,27.84,97,100,27.34
320,Mago,RU,2022-04-06 00:52:49,53.2514,140.1822,29.46,68,54,14.2
321,Abbeville,FR,2022-04-06 00:52:49,50.1,1.8333,50.49,77,100,14.74
322,Kavaratti,IN,2022-04-06 00:51:08,10.5669,72.642,83.19,73,25,6.26
323,Saldanha,ZA,2022-04-06 00:52:50,-33.0117,17.9442,53.65,79,14,5.5
324,Gorzow Wielkopolski,PL,2022-04-06 00:52:18,52.7368,15.2288,45.39,73,100,1.01
325,Pochutla,MX,2022-04-06 00:52:50,15.7432,-96.4661,79.83,65,0,6.08
326,Havelock,US,2022-04-06 00:50:40,34.8791,-76.9013,69.78,86,100,8.05
327,Leuteboro,PH,2022-04-06 00:52:51,13.061,121.3747,79.93,87,99,8.61
328,Japura,ID,2022-04-06 00:52:51,-0.3167,102.35,76.98,90,88,2.73
329,Diosig,RO,2022-04-06 00:52:51,47.3,22.0,48.56,89,100,9.37
330,Korla,CN,2022-04-06 00:52:51,41.7597,86.1469,58.93,25,0,4.38
331,Ambunti,PG,2022-04-06 00:52:52,-4.2365,142.8448,88.0,62,100,2.51
332,Bonthe,SL,2022-04-06 00:52:52,7.5264,-12.505,77.4,84,7,3.76
333,Port Augusta,AU,2022-04-06 00:52:52,-32.5,137.7667,76.35,35,3,8.48
334,Bontang,ID,2022-04-06 00:52:53,0.1333,117.5,80.22,78,100,9.4
335,Alice Springs,AU,2022-04-06 00:52:53,-23.7,133.8833,78.35,18,6,2.3
336,Zhigalovo,RU,2022-04-06 00:52:53,54.8097,105.1578,29.07,92,100,1.39
337,Boguchany,RU,2022-04-06 00:52:54,58.3814,97.4531,35.82,100,100,3.38
338,Iqaluit,CA,2022-04-06 00:52:54,63.7506,-68.5145,2.93,77,75,25.32
339,Nanortalik,GL,2022-04-06 00:52:54,60.1432,-45.2371,30.63,88,51,1.72
340,Gazimurskiy Zavod,RU,2022-04-06 00:52:55,51.5461,118.3266,22.37,34,0,8.25
341,Cascais,PT,2022-04-06 00:52:55,38.6979,-9.4215,53.47,66,100,8.99
342,Abalak,RU,2022-04-06 00:52:55,58.1286,68.5944,28.9,84,100,13.58
343,Faanui,PF,2022-04-06 00:52:56,-16.4833,-151.75,82.92,76,6,19.73
344,Chara,RU,2022-04-06 00:52:56,56.9064,118.2631,6.17,68,11,2.26
345,Mingshui,CN,2022-04-06 00:52:56,36.7167,117.5,55.58,53,4,8.28
346,Vernon,CA,2022-04-06 00:52:05,50.2581,-119.2691,48.81,69,100,3.0
347,Moerai,PF,2022-04-06 00:52:57,-22.4333,-151.3333,81.45,74,14,10.58
348,Sulangan,PH,2022-04-06 00:52:57,11.1373,123.7228,80.96,81,100,14.65
349,Solnechnyy,RU,2022-04-06 00:52:57,50.7214,136.6319,27.75,68,99,12.55
350,Tahe,CN,2022-04-06 00:52:58,52.3333,124.7333,23.02,53,4,15.37
351,Lithakia,GR,2022-04-06 00:52:58,37.7167,20.8333,56.88,80,0,6.06
352,Ati,TD,2022-04-06 00:52:58,13.2154,18.3353,84.65,11,1,9.64
353,Hovd,MN,2022-04-06 00:52:59,48.0056,91.6419,45.41,27,3,3.27
354,Neuquen,AR,2022-04-06 00:50:22,-38.9516,-68.0591,62.49,77,0,1.14
355,Uribia,CO,2022-04-06 00:52:59,11.7139,-72.266,81.07,67,15,17.58
356,Scarborough,GB,2022-04-06 00:52:59,54.2797,-0.4044,49.91,85,87,5.99
357,Iberia,US,2022-04-06 00:53:00,29.9502,-91.7507,77.07,94,75,10.36
358,Ballina,AU,2022-04-06 00:53:00,-28.8667,153.5667,78.98,65,75,10.36
359,Port Blair,IN,2022-04-06 00:49:27,11.6667,92.75,77.04,94,40,2.3
360,Vanavara,RU,2022-04-06 00:53:00,60.34,102.2797,23.27,92,100,5.59
361,Komsomolskiy,UZ,2022-04-06 00:53:02,40.4272,71.7189,59.72,41,16,9.22
362,Amahai,ID,2022-04-06 00:54:02,-3.3333,128.9167,82.6,70,23,2.13
363,Northam,GB,2022-04-06 00:54:02,51.0333,-4.2167,50.4,94,100,22.64
364,Bambous Virieux,MU,2022-04-06 00:54:03,-20.3428,57.7575,79.05,89,40,8.05
365,Comodoro Rivadavia,AR,2022-04-06 00:54:03,-45.8667,-67.5,51.66,87,100,10.36
366,Batemans Bay,AU,2022-04-06 00:54:03,-35.7167,150.1833,66.09,72,100,7.25
367,Bollnas,SE,2022-04-06 00:54:04,61.3482,16.3946,26.1,66,1,11.12
368,Santa Barbara,US,2022-04-06 00:54:04,34.7333,-120.0343,80.69,26,0,14.97
369,Saint-Pierre,RE,2022-04-06 00:54:05,-21.3393,55.4781,75.29,88,75,4.61
370,Bowen,AU,2022-04-06 00:54:05,-20.0167,148.2333,83.34,60,9,8.7
371,San Lorenzo,PY,2022-04-06 00:54:05,-25.3333,-57.5333,70.74,88,100,3.44
372,Evensk,RU,2022-04-06 00:52:59,61.95,159.2333,20.35,70,9,3.96
373,Codrington,AU,2022-04-06 00:54:06,-38.2667,141.9667,63.86,58,77,11.7
374,Babayurt,RU,2022-04-06 00:54:06,43.6002,46.7789,40.68,93,94,5.01
375,Neryungri,RU,2022-04-06 00:54:06,56.6709,124.6491,11.77,86,100,16.33
376,Sisimiut,GL,2022-04-06 00:54:07,66.9395,-53.6735,25.3,95,99,2.95
377,Katherine,AU,2022-04-06 00:54:07,-14.4667,132.2667,86.32,62,0,5.75
378,Nahariyya,IL,2022-04-06 00:54:07,33.0059,35.0941,67.95,43,100,10.31
379,Boddam,GB,2022-04-06 00:54:08,57.4667,-1.7833,39.58,97,100,13.71
380,Ixtapa,MX,2022-04-06 00:54:08,20.7,-105.2,73.22,82,3,1.99
381,Swan Hill,AU,2022-04-06 00:54:09,-35.3378,143.5544,65.55,53,100,7.47
382,Graaff-Reinet,ZA,2022-04-06 00:54:09,-32.2522,24.5308,54.91,76,3,1.43
383,Sayanogorsk,RU,2022-04-06 00:54:09,53.0875,91.3997,46.56,69,100,5.7
384,Goderich,CA,2022-04-06 00:54:10,43.7501,-81.7165,41.32,81,100,2.3
385,Redmond,US,2022-04-06 00:50:32,47.674,-122.1215,54.64,68,84,5.01
386,Torbay,CA,2022-04-06 00:54:10,47.6666,-52.7314,33.76,86,75,19.57
387,Kampene,CD,2022-04-06 00:54:10,-3.6,26.6667,68.63,99,100,1.54
388,Florida,US,2022-04-06 00:50:18,28.7505,-82.5001,78.78,89,75,3.44
389,Alta Floresta,BR,2022-04-06 00:54:11,-9.8756,-56.0861,72.19,95,91,1.9
390,Oriximina,BR,2022-04-06 00:53:16,-1.7656,-55.8661,75.18,95,100,2.77
391,Aojiang,CN,2022-04-06 00:54:11,22.9421,116.0359,70.74,60,7,8.21
392,San Matias,BO,2022-04-06 00:54:12,-16.3667,-58.4,76.66,77,0,3.87
393,Nemuro,JP,2022-04-06 00:54:13,43.3236,145.575,40.44,86,0,21.03
394,Klaksvik,FO,2022-04-06 00:54:13,62.2266,-6.589,32.92,66,100,20.76
395,Upernavik,GL,2022-04-06 00:54:13,72.7868,-56.1549,19.69,98,100,5.1
396,Puerto Narino,CO,2022-04-06 00:54:14,-3.7703,-70.3831,73.6,97,100,1.36
397,Mehamn,NO,2022-04-06 00:54:14,71.0357,27.8492,29.12,84,100,26.62
398,Fortuna,US,2022-04-06 00:54:14,40.5982,-124.1573,54.93,66,0,14.97
399,Muros,ES,2022-04-06 00:54:15,42.7762,-9.0603,46.09,69,0,9.73
400,Qaracala,AZ,2022-04-06 00:54:15,39.8132,48.9523,49.8,78,100,3.27
401,Kizilskoye,RU,2022-04-06 00:54:16,52.7255,58.8937,30.29,80,14,6.33
402,Natal,BR,2022-04-06 00:54:17,-5.795,-35.2094,79.02,94,20,5.75
403,Cayenne,GF,2022-04-06 00:54:17,4.9333,-52.3333,80.1,1,75,9.22
404,Dingle,PH,2022-04-06 00:54:18,10.9995,122.6711,82.89,74,100,12.41
405,Dhidhdhoo,MV,2022-04-06 00:49:56,6.8833,73.1,83.08,67,16,1.5
406,San Policarpo,PH,2022-04-06 00:54:18,12.1791,125.5072,81.82,80,100,14.29
407,Saryagash,KZ,2022-04-06 00:54:19,41.4511,69.1701,64.36,28,66,10.18
408,Marawi,PH,2022-04-06 00:54:11,7.9986,124.2928,67.71,98,100,0.45
409,Stanghelle,NO,2022-04-06 00:55:19,60.5528,5.7357,32.63,77,100,4.61
410,Patiala,IN,2022-04-06 00:55:20,30.3267,76.4003,71.85,12,0,5.37
411,Broken Hill,AU,2022-04-06 00:55:20,-31.95,141.4333,69.51,46,27,12.66
412,Da Lat,VN,2022-04-06 00:55:21,11.9465,108.4419,64.72,79,98,5.03
413,Ryotsu,JP,2022-04-06 00:55:21,38.0833,138.4333,55.08,69,81,11.03
414,Sibu,MY,2022-04-06 00:55:17,2.3,111.8167,75.51,94,40,3.44
415,Isla Vista,US,2022-04-06 00:55:22,34.4133,-119.861,83.91,30,0,3.0
416,Nichinan,JP,2022-04-06 00:55:22,31.6,131.3667,64.08,41,100,2.73
417,Naryan-Mar,RU,2022-04-06 00:55:22,67.6713,53.087,-3.66,100,100,6.71
418,Nabire,ID,2022-04-06 00:55:23,-3.3667,135.4833,87.06,58,13,5.82
419,Kargil,IN,2022-04-06 00:55:23,34.5667,76.1,24.64,54,0,3.38
420,Severobaykalsk,RU,2022-04-06 00:55:23,55.65,109.3167,17.53,91,100,2.21
421,Conakry,GN,2022-04-06 00:55:24,9.538,-13.6773,78.87,83,40,0.0
422,Kasongo-Lunda,CD,2022-04-06 00:55:24,-6.4667,16.8167,70.34,96,100,0.69
423,Maymyo,MM,2022-04-06 00:55:25,22.0333,96.4667,76.57,53,0,2.57
424,Kangaatsiaq,GL,2022-04-06 00:55:25,68.3065,-53.4641,24.94,95,100,4.43
425,Policoro,IT,2022-04-06 00:55:26,40.2115,16.6726,48.97,83,99,0.29
426,Bandarbeyla,SO,2022-04-06 00:55:26,9.4942,50.8122,77.4,75,0,5.55
427,Jinxiang,CN,2022-04-06 00:55:27,27.4327,120.6062,63.23,72,94,4.81
428,Sioux Lookout,CA,2022-04-06 00:55:27,50.1001,-91.917,39.27,60,100,9.22
429,Grenada,ES,2022-04-06 00:55:27,37.1882,-3.6067,42.67,96,100,1.01
430,Kinsale,IE,2022-04-06 00:55:28,51.7075,-8.5306,47.57,87,75,8.05
431,Iacobeni,RO,2022-04-06 00:55:28,47.4333,25.3167,36.52,74,100,7.0
432,Beringovskiy,RU,2022-04-06 00:55:28,63.05,179.3167,7.57,67,0,2.59
433,San Rafael,AR,2022-04-06 00:55:28,-34.6177,-68.3301,68.13,36,0,7.58
434,Vestmanna,FO,2022-04-06 00:55:29,62.1564,-7.1664,31.12,59,75,16.11
435,Meget,RU,2022-04-06 00:55:29,52.415,104.0494,32.76,89,99,1.52
436,Port Macquarie,AU,2022-04-06 00:55:29,-31.4333,152.9167,74.35,66,1,4.45
437,Falmouth,GB,2022-04-06 00:55:30,50.1544,-5.0711,50.9,91,100,22.7
438,Wilmington,US,2022-04-06 00:53:47,34.2257,-77.9447,68.95,87,100,13.8
439,Chimoio,MZ,2022-04-06 00:55:30,-19.1164,33.4833,68.49,99,100,0.56
440,Manaus,BR,2022-04-06 00:55:30,-3.1019,-60.025,77.49,88,75,3.44
441,Yarada,IN,2022-04-06 00:55:31,17.65,83.2667,79.12,94,40,3.44
442,Indramayu,ID,2022-04-06 00:55:31,-6.3264,108.32,79.75,80,95,4.29
443,Belgrade,RS,2022-04-06 00:55:09,44.804,20.4651,49.42,69,0,3.44
444,Ereymentau,KZ,2022-04-06 00:55:31,51.6199,73.1033,33.3,94,100,12.37
445,Arman,RU,2022-04-06 00:55:32,59.7,150.1667,25.02,67,98,10.71
446,Bathsheba,BB,2022-04-06 00:55:32,13.2167,-59.5167,79.41,73,20,14.97
447,Okhotsk,RU,2022-04-06 00:55:32,59.3833,143.3,24.82,78,100,22.15
448,Athabasca,CA,2022-04-06 00:52:05,54.7169,-113.2854,41.41,73,100,10.09
449,Buchanan,LR,2022-04-06 00:55:33,5.8808,-10.0467,79.14,92,15,6.42
450,Georgetown,MY,2022-04-06 00:55:33,5.4112,100.3354,78.73,99,20,3.44
451,Nikki,BJ,2022-04-06 00:55:33,9.9401,3.2108,82.0,55,100,8.25
452,Wajir,KE,2022-04-06 00:55:34,1.7471,40.0573,78.73,64,16,14.65
453,Shingu,JP,2022-04-06 00:55:34,33.7333,135.9833,64.92,49,100,3.06
454,Monte Gordo,PT,2022-04-06 00:55:34,37.1819,-7.4523,51.75,82,100,5.99
455,Urubicha,BO,2022-04-06 00:55:35,-15.3833,-62.95,75.29,85,63,0.51
456,Avera,US,2022-04-06 00:56:35,33.194,-82.5271,65.71,89,100,14.76
457,Kaoma,ZM,2022-04-06 00:56:35,-14.7833,24.8,63.1,96,52,3.76
458,Ritchie,ZA,2022-04-06 00:56:36,-29.038,24.6028,45.61,50,0,6.06
459,Port Keats,AU,2022-04-06 00:56:36,-14.25,129.55,87.62,66,87,2.19
460,Utica,US,2022-04-06 00:56:36,43.1009,-75.2327,49.69,86,100,6.55
461,Pudozh,RU,2022-04-06 00:56:36,61.8099,36.5345,31.41,96,100,11.05
462,Pisco,PE,2022-04-06 00:56:37,-13.7,-76.2167,68.05,83,0,14.97
463,Alirajpur,IN,2022-04-06 00:56:37,22.3031,74.3546,80.2,35,2,6.04
464,Mananjary,MG,2022-04-06 00:56:37,-21.2167,48.3333,74.53,93,61,1.86
465,Phan Thiet,VN,2022-04-06 00:56:38,10.9333,108.1,82.26,66,59,3.98
466,Ilebo,CD,2022-04-06 00:56:38,-4.3167,20.5833,71.74,99,100,1.68
467,Tiznit,MA,2022-04-06 00:56:38,29.5833,-9.5,50.58,79,79,9.64
468,Taganak,PH,2022-04-06 00:56:39,6.0833,118.3,80.74,85,100,7.47
469,Lompoc,US,2022-04-06 00:56:39,34.6391,-120.4579,82.78,65,0,31.0
470,Richards Bay,ZA,2022-04-06 00:56:39,-28.783,32.0377,73.27,86,90,2.64
471,Barreiras,BR,2022-04-06 00:56:40,-12.1528,-44.99,74.01,54,45,3.47
472,Samaipata,BO,2022-04-06 00:56:40,-18.15,-63.8667,53.6,98,11,1.72
473,Praia,CV,2022-04-06 00:56:40,14.9215,-23.5087,70.34,73,20,14.97
474,Remanso,BR,2022-04-06 00:56:41,-9.6179,-42.0831,77.76,53,0,5.26
475,Ostrovnoy,RU,2022-04-06 00:56:41,68.0531,39.5131,21.6,90,100,14.67
476,The Valley,AI,2022-04-06 00:56:41,18.217,-63.0578,78.82,76,17,17.78
477,Oxelosund,SE,2022-04-06 00:56:42,58.6706,17.1015,19.78,79,0,9.22
478,Lavrentiya,RU,2022-04-06 00:56:42,65.5833,-171.0,2.17,75,3,5.17
479,Donskoye,RU,2022-04-06 00:56:42,45.4552,41.9741,41.13,89,100,8.43
480,Tucurui,BR,2022-04-06 00:56:43,-3.7661,-49.6725,73.94,93,100,2.59
481,Bambari,CF,2022-04-06 00:56:43,5.768,20.6757,73.71,89,99,4.14
482,Fatehabad,IN,2022-04-06 00:56:43,29.5167,75.45,74.93,11,0,2.3
483,Atar,MR,2022-04-06 00:56:43,20.5169,-13.0499,72.93,32,5,10.02
484,Yibin,CN,2022-04-06 00:56:44,28.7667,104.6238,63.88,74,100,0.2
485,Churapcha,RU,2022-04-06 00:56:44,62.0025,132.4325,14.05,89,100,7.99
486,Diamantino,BR,2022-04-06 00:56:44,-14.4086,-56.4461,74.19,81,6,0.92
487,Vigrestad,NO,2022-04-06 00:56:45,58.5667,5.7,33.96,60,100,5.61
488,Saint-Francois,FR,2022-04-06 00:56:45,46.4154,3.9054,47.64,93,100,1.14
489,Abu Zabad,SD,2022-04-06 00:56:45,12.35,29.25,84.83,17,0,8.63
490,Poum,NC,2022-04-06 00:56:46,-20.2333,164.0167,80.53,89,100,39.1
491,Mino,JP,2022-04-06 00:56:46,34.8269,135.4706,67.89,51,20,2.3
492,Asyut,EG,2022-04-06 00:56:46,27.181,31.1837,75.38,9,100,4.38
493,Hami,CN,2022-04-06 00:56:47,42.8,93.45,61.03,19,0,8.32
494,Shelbyville,US,2022-04-06 00:52:21,35.4834,-86.4603,59.72,45,100,6.91
495,Leningradskiy,RU,2022-04-06 00:56:47,69.3833,178.4167,-3.5,93,81,23.96
496,Nantong,CN,2022-04-06 00:56:47,32.0303,120.8747,64.0,59,0,2.28
497,Ulladulla,AU,2022-04-06 00:56:48,-35.35,150.4667,63.77,82,100,10.76
498,Chipinge,ZW,2022-04-06 00:56:48,-20.1883,32.6236,64.47,88,6,3.2
499,Antofagasta,CL,2022-04-06 00:52:21,-23.65,-70.4,67.41,65,11,5.84
500,Abu Dhabi,AE,2022-04-06 00:52:26,24.4667,54.3667,74.97,84,0,1.14
501,Maragogi,BR,2022-04-06 00:56:48,-9.0122,-35.2225,77.32,84,66,4.54
502,Port Antonio,JM,2022-04-06 00:57:49,18.18,-76.4612,80.51,85,6,10.25
503,Sham Churasi,IN,2022-04-06 00:57:49,31.4997,75.7494,69.78,13,0,2.84
504,Norman Wells,CA,2022-04-06 00:56:54,65.282,-126.8329,15.84,41,20,5.75
505,Kiruna,SE,2022-04-06 00:57:50,67.8557,20.2251,22.12,100,100,17.27
506,Pontes E Lacerda,BR,2022-04-06 00:57:50,-15.2261,-59.3353,72.82,86,6,3.56
507,Kurumkan,RU,2022-04-06 00:57:50,54.3,110.3,18.25,86,100,2.01
508,Tucumcari,US,2022-04-06 00:57:51,35.1717,-103.725,77.49,15,17,23.13
509,Mackay,AU,2022-04-06 00:57:51,-21.15,149.2,88.68,78,40,10.36
510,Paray-Le-Monial,FR,2022-04-06 00:57:51,46.4546,4.1158,48.15,93,100,1.14
511,Shahreza,IR,2022-04-06 00:57:52,32.0339,51.8794,56.32,28,6,5.08
512,Bulgan,MN,2022-04-06 00:57:52,48.8125,103.5347,42.24,52,15,3.76
513,Teguise,ES,2022-04-06 00:57:52,29.0605,-13.564,55.62,63,0,3.44
514,Pangani,TZ,2022-04-06 00:57:52,-5.4333,38.9667,80.71,78,66,4.65
515,Koulikoro,ML,2022-04-06 00:57:53,14.0,-7.75,89.02,13,100,4.7
516,Beloha,MG,2022-04-06 00:57:53,-25.1667,45.05,71.33,95,13,4.65
517,Miles City,US,2022-04-06 00:57:53,46.4083,-105.8406,45.91,38,100,31.65
518,Borogontsy,RU,2022-04-06 00:57:54,62.6683,131.1683,10.47,87,100,5.3
519,Salalah,OM,2022-04-06 00:57:54,17.0151,54.0924,74.08,71,0,1.88
520,Nova Prata,BR,2022-04-06 00:57:54,-28.7839,-51.61,61.59,99,100,1.81
521,Muzhi,RU,2022-04-06 00:57:55,65.3667,64.6667,16.93,77,100,27.96
522,Ibiracu,BR,2022-04-06 00:57:55,-19.8319,-40.3697,80.01,92,5,1.1
523,Xiaoweizhai,CN,2022-04-06 00:57:55,26.1903,107.5125,56.68,87,100,2.86
524,Cururupu,BR,2022-04-06 00:57:56,-1.8283,-44.8683,74.16,98,100,2.57
525,Rio Grande,BR,2022-04-06 00:57:56,-32.035,-52.0986,54.95,67,0,8.19
526,Vanimo,PG,2022-04-06 00:57:56,-2.6741,141.3028,85.35,66,100,3.78
527,Barstow,US,2022-04-06 00:57:57,34.8986,-117.0228,86.99,23,0,12.73
528,Shitanjing,CN,2022-04-06 00:57:57,39.2342,106.3439,56.8,14,16,4.14
529,Holetown,BB,2022-04-06 00:55:38,13.1867,-59.6381,79.36,70,99,17.49
530,Nelson Bay,AU,2022-04-06 00:57:57,-32.7167,152.15,74.08,81,16,4.36
531,Coahuayana,MX,2022-04-06 00:57:58,18.7333,-103.6833,72.34,75,0,3.89
532,Wyndham,US,2022-04-06 00:57:58,37.6985,-77.6125,63.05,84,100,8.46
533,Beyneu,KZ,2022-04-06 00:57:58,45.3167,55.2,50.2,47,97,18.63
534,Berbera,SO,2022-04-06 00:57:59,10.4396,45.0143,77.11,84,2,2.64
535,Masuguru,TZ,2022-04-06 00:57:59,-11.3667,38.4167,71.17,98,17,2.51
536,Puro,PH,2022-04-06 00:57:59,12.4841,123.3827,81.91,77,99,12.66
537,Boende,CD,2022-04-06 00:58:00,-0.2167,20.8667,72.25,99,100,2.06
538,Tabas,IR,2022-04-06 00:58:00,33.5959,56.9244,76.57,14,100,2.21
539,Luanda,AO,2022-04-06 00:57:08,-8.8368,13.2343,75.42,87,99,7.11
540,Moussoro,TD,2022-04-06 00:58:00,13.6408,16.4901,85.77,10,0,9.6
541,Horizontina,BR,2022-04-06 00:58:01,-27.6258,-54.3078,68.02,93,52,2.93
542,Vylkove,UA,2022-04-06 00:58:01,45.4021,29.586,44.33,77,9,8.5
543,Tara,RU,2022-04-06 00:58:01,56.8944,74.371,32.9,80,8,12.62
544,Najran,SA,2022-04-06 00:58:02,17.4924,44.1277,65.05,13,0,2.82
545,Bachaquero,VE,2022-04-06 00:58:02,9.9694,-71.1494,82.83,75,100,3.42
546,Vyartsilya,RU,2022-04-06 00:58:02,62.1764,30.693,22.91,92,99,10.87
547,Azuaga,ES,2022-04-06 00:58:03,38.2667,-5.6833,40.96,94,100,4.03
548,Xuddur,SO,2022-04-06 00:58:03,4.1213,43.8894,71.76,84,0,14.94
549,Gayny,RU,2022-04-06 00:59:03,60.3071,54.3241,15.06,98,94,3.22
550,Ziniare,BF,2022-04-06 00:59:04,12.5822,-1.2983,90.23,30,38,7.56
551,Saeby,DK,2022-04-06 00:59:04,57.3319,10.5225,35.53,76,100,6.13
552,Kirzhach,RU,2022-04-06 00:59:04,56.15,38.8667,33.31,98,100,11.81
553,Bilma,NE,2022-04-06 00:59:05,18.6853,12.9164,84.16,7,0,6.15
554,Cockburn Town,TC,2022-04-06 00:54:21,21.4612,-71.1419,76.96,73,20,11.5
555,Bucerias,MX,2022-04-06 00:59:05,20.75,-105.3333,73.98,82,3,3.98
556,Kupang,ID,2022-04-06 00:56:59,-10.1667,123.5833,83.07,71,70,2.48
557,Petropavlovsk-Kamchatskiy,RU,2022-04-06 00:59:06,53.0452,158.6483,48.79,32,0,8.95
558,Moron,AR,2022-04-06 00:59:06,-34.6534,-58.6198,65.97,62,0,5.5
559,Kavadarci,MK,2022-04-06 00:59:06,41.4331,22.0119,41.76,86,1,1.79
560,Weymouth,US,2022-04-06 00:59:07,42.2209,-70.9398,52.84,56,100,5.99
561,Whitianga,NZ,2022-04-06 00:59:07,-36.8333,175.7,73.87,72,13,11.81
562,Tessalit,ML,2022-04-06 00:59:08,20.1986,1.0114,83.62,6,0,4.83
563,Gol,NO,2022-04-06 00:59:08,60.7014,8.9457,10.13,91,75,3.89
564,Mana,GF,2022-04-06 00:59:08,5.6592,-53.7767,76.51,90,79,9.91
565,Radyvyliv,UA,2022-04-06 00:59:09,50.1299,25.2558,38.37,97,100,5.77
566,Berea,US,2022-04-06 00:59:09,41.3662,-81.8543,56.05,78,100,5.75
567,Surab,PK,2022-04-06 00:59:09,28.4914,66.2585,59.11,24,78,0.63
568,Pangody,RU,2022-04-06 00:59:10,65.85,74.4859,31.12,94,100,18.86
569,Susanville,US,2022-04-06 00:57:28,40.4163,-120.653,64.65,17,1,3.0
570,Stornoway,GB,2022-04-06 00:59:10,58.2093,-6.3865,42.93,93,100,10.36
571,Arys,KZ,2022-04-06 00:59:10,42.4252,68.795,63.68,36,100,7.25
572,Thunder Bay,CA,2022-04-06 00:56:11,48.4001,-89.3168,34.29,93,100,13.8
573,Hobyo,SO,2022-04-06 00:59:11,5.3505,48.5268,80.35,72,16,11.23
574,Kolosovka,RU,2022-04-06 00:59:11,56.4678,73.611,33.08,82,24,14.2
575,Mildura,AU,2022-04-06 00:59:12,-34.2,142.15,67.06,55,100,9.22
576,Saraza,PH,2022-04-06 00:59:12,8.7356,117.78,78.51,87,100,5.28
577,Kirakira,SB,2022-04-06 00:59:13,-10.4544,161.9205,81.21,87,92,14.27
578,Sistranda,NO,2022-04-06 00:59:13,63.7256,8.834,33.76,47,25,15.97
579,Ayagoz,KZ,2022-04-06 00:59:13,47.9714,80.4392,47.98,52,9,3.27
580,Broome,US,2022-04-06 00:59:14,42.2506,-75.833,54.37,83,100,5.75
581,Irbeyskoye,RU,2022-04-06 00:59:14,55.6428,95.4522,37.67,88,100,3.96
582,Plettenberg Bay,ZA,2022-04-06 00:59:14,-34.0527,23.3716,59.05,83,57,8.86
583,Beitbridge,ZW,2022-04-06 00:59:15,-22.2167,30.0,75.51,59,0,4.34
